,scoped_accuracy_best_in_game,self_healing,self_healing_most_in_game,enemies_slept,nano_boost_assists,unscoped_accuracy_best_in_game,enemies_slept_most_in_game,nano_boost_assists_most_in_game,biotic_grenade_kills,damage_amplified,damage_amplified_most_in_game,healing_amplified,healing_amplified_most_in_game,self_healing_avg_per_10_min,damage_amplified_avg_per_10_min,scoped_accuracy,healing_amplified_avg_per_10_min,biotic_grenade_kills_avg_per_10_min,unscoped_accuracy,nano_boost_assists_avg_per_10_min,enemies_slept_avg_per_10_min,melee_final_blows_avg_per_10_min,objective_time_avg_per_10_min,all_damage_done_avg_per_10_min,final_blows_avg_per_10_min,eliminations_per_life,objective_kills_avg_per_10_min,obj_contest_time_avg_per_10_min,solo_kills_avg_per_10_min,deaths_avg_per_10_min,hero_damage_done_avg_per_10_min,healing_done_avg_per_10_min,eliminations_avg_per_10_min,assists_avg_per_10_min,rank,biotic_grenade_kill,nano_boost_assist,nano_boost_assist_most_in_game,enemy_slept,enemy_slept_most_in_game,elimination_per_life
0,100.0,4359.0,910.0,43.0,33.0,74,10.0,7.0,41.0,5584.0,1086.0,5855.0,1257.0,415.0,532.0,58.0,558.0,3.91,53,3.15,4.1,0.19,104.0,3105,0.95,1.25,2.76,34.0,0.1,5.43,2343.0,9618,6.77,14.01,bronze,,,,,,
1,69.0,225.0,225.0,6.0,4.0,54,6.0,4.0,2.0,,,1000.0,1000.0,193.0,,69.0,857.0,1.71,54,3.43,5.14,,74.0,3337,3.43,1.43,0.86,,,6.0,2509.0,9641,8.57,,bronze,,,,,,
2,73.0,832.0,391.0,17.0,8.0,65,5.0,4.0,15.0,1053.0,635.0,1272.0,569.0,255.0,323.0,67.0,390.0,4.6,59,2.46,5.22,,80.0,3253,1.84,2.13,3.68,18.0,0.61,4.6,2814.0,8597,9.82,12.89,bronze,,,,,,
3,57.0,300.0,300.0,3.0,3.0,42,2.0,3.0,5.0,481.0,481.0,474.0,471.0,198.0,317.0,54.0,313.0,3.29,38,1.98,1.98,,57.0,2872,3.29,1.09,2.64,6.0,1.32,7.25,2671.0,7635,7.91,7.91,bronze,,,,,,
4,82.0,1948.0,800.0,36.0,20.0,57,12.0,6.0,27.0,,,4766.0,1751.0,387.0,,60.0,947.0,5.36,49,3.97,7.15,,102.0,4494,1.99,1.38,6.95,,0.2,7.75,2800.0,8906,10.73,,bronze,,,,,,
5,80.0,4436.0,778.0,59.0,36.0,55,9.0,7.0,63.0,6374.0,842.0,6071.0,895.0,276.0,397.0,50.0,378.0,3.93,44,2.24,3.68,0.12,72.0,3132,1.5,1.46,4.36,41.0,0.06,5.23,2320.0,8761,7.66,12.52,bronze,,,,,,
6,57.0,435.0,300.0,6.0,3.0,57,3.0,2.0,4.0,,,896.0,660.0,358.0,,53.0,738.0,3.29,52,2.47,4.94,,20.0,3046,,0.86,1.65,,0.82,5.76,1818.0,8193,4.94,,bronze,,,,,,
7,,174.0,174.0,2.0,,29,2.0,,,,,55.0,55.0,434.0,,,138.0,2.49,29,,4.98,,94.0,3029,,0.25,2.49,19.0,,9.96,2880.0,3760,2.49,4.98,bronze,1.0,,,,,
8,75.0,15915.0,960.0,177.0,100.0,57,19.0,9.0,137.0,14284.0,1407.0,10725.0,737.0,464.0,416.0,50.0,313.0,3.99,39,2.91,5.16,0.2,90.0,2575,1.34,1.28,3.73,29.0,0.06,5.68,1563.0,8708,7.29,13.73,bronze,,,,,,
9,80.0,2313.0,718.0,26.0,11.0,48,10.0,8.0,26.0,,,1594.0,682.0,474.0,,55.0,327.0,5.33,43,2.25,5.33,,39.0,3159,1.43,1.42,3.28,,0.41,6.76,2183.0,6632,9.63,,bronze,,,,,,
10,100.0,8147.0,886.0,57.0,63.0,105,6.0,8.0,64.0,9153.0,1196.0,8665.0,1090.0,496.0,558.0,49.0,528.0,3.9,47,3.84,3.47,,53.0,2241,1.52,1.18,3.29,24.0,,6.22,1545.0,9816,7.31,16.15,bronze,,,,,,
11,71.0,5395.0,622.0,128.0,77.0,91,12.0,12.0,104.0,10454.0,1030.0,7551.0,836.0,224.0,435.0,54.0,314.0,4.32,47,3.2,5.32,0.04,34.0,3611,2.91,2.31,3.95,11.0,0.25,4.49,2938.0,7583,10.39,14.92,bronze,,,,,,
12,69.0,300.0,300.0,11.0,,72,11.0,,5.0,288.0,288.0,155.0,155.0,324.0,311.0,71.0,167.0,5.4,72,,11.87,,69.0,3119,2.16,1.25,4.32,21.0,,8.63,2811.0,7759,10.79,9.71,bronze,,,,,,
13,59.0,816.0,373.0,11.0,6.0,59,4.0,2.0,4.0,405.0,189.0,487.0,259.0,381.0,189.0,53.0,227.0,1.87,49,2.8,5.13,,85.0,3720,0.47,1.22,2.33,37.0,,4.2,2533.0,7104,5.13,14.47,bronze,,,,,,
14,88.0,23205.0,894.0,342.0,159.0,100,22.0,9.0,319.0,22834.0,1184.0,24266.0,1215.0,404.0,398.0,55.0,423.0,5.56,52,2.77,5.96,0.12,56.0,4052,2.91,1.96,4.28,25.0,0.49,5.1,3146.0,9242,10.0,13.37,bronze,,,,,,
15,50.0,,,2.0,,22,2.0,,2.0,,,,,,,50.0,,5.9,22,2.95,5.9,,305.0,1807,,,8.85,,,,774.0,6207,11.8,,bronze,,1.0,1.0,,,
16,70.0,11022.0,1002.0,135.0,92.0,72,12.0,9.0,159.0,15394.0,1688.0,12325.0,1392.0,341.0,476.0,46.0,381.0,4.92,46,2.85,4.18,0.03,81.0,3457,2.6,1.86,4.98,28.0,0.34,5.6,2748.0,8494,10.39,13.83,bronze,,,,,,
17,80.0,1088.0,406.0,8.0,9.0,55,4.0,4.0,10.0,,,1369.0,590.0,369.0,,52.0,464.0,3.39,47,3.05,2.71,,33.0,2110,0.68,1.55,2.71,,0.34,3.73,1397.0,9524,5.76,,bronze,,,,,,
18,68.0,161.0,107.0,9.0,5.0,77,6.0,5.0,7.0,367.0,358.0,857.0,597.0,87.08,198.0,64.0,462.0,3.78,58,2.7,4.86,,21.0,1970,1.08,1.3,3.24,5.0,,5.4,1701.0,10443,7.02,19.97,bronze,,,,,,
19,100.0,24726.0,928.0,339.0,254.0,76,12.0,10.0,432.0,36977.0,1100.0,25414.0,1270.0,287.0,429.0,63.0,295.0,5.01,52,2.95,3.93,0.03,65.0,2718,1.75,1.53,3.27,18.0,0.19,5.26,2069.0,8565,8.05,14.48,bronze,,,,,,
20,66.0,3920.0,806.0,51.0,24.0,64,10.0,6.0,41.0,,,3406.0,825.0,508.0,,54.0,442.0,5.32,46,3.11,6.62,0.13,87.0,2996,1.56,1.91,5.71,,0.26,5.84,1836.0,8607,11.16,,bronze,,,,,,
21,50.0,852.0,311.0,18.0,7.0,58,7.0,4.0,14.0,1550.0,510.0,724.0,418.0,279.0,507.0,40.0,237.0,4.58,52,2.29,5.89,,25.0,3041,1.31,1.26,3.93,23.0,0.33,7.53,2220.0,7381,9.49,13.42,bronze,,,,,,
22,51.0,290.0,200.0,4.0,,46,2.0,,,235.0,168.0,439.0,368.0,543.0,439.0,46.0,821.0,1.87,35,,7.48,,218.0,3315,,1.5,3.74,10.0,,3.74,2193.0,7271,5.61,5.61,bronze,1.0,,,,,
23,68.0,3090.0,584.0,46.0,32.0,65,9.0,8.0,50.0,3778.0,838.0,3204.0,711.0,337.0,412.0,55.0,349.0,5.45,46,3.49,5.01,0.11,74.0,2464,1.63,1.86,5.12,26.0,0.22,5.34,2232.0,7842,9.92,16.24,bronze,,,,,,
24,60.0,857.0,366.0,14.0,10.0,62,10.0,7.0,25.0,1195.0,518.0,946.0,450.0,322.0,448.0,53.0,355.0,9.38,47,3.75,5.25,0.38,103.0,4134,4.88,3.13,7.13,34.0,,6.01,3528.0,8524,18.77,19.14,bronze,,,,,,
25,71.0,2446.0,433.0,34.0,14.0,63,6.0,3.0,40.0,2068.0,530.0,1980.0,533.0,440.0,372.0,57.0,357.0,7.2,49,2.52,6.12,,58.0,3909,2.52,1.4,5.4,14.0,0.18,8.1,3318.0,7104,11.34,14.4,bronze,,,,,,
26,54.0,1031.0,640.0,17.0,4.0,49,9.0,3.0,8.0,1069.0,539.0,483.0,235.0,522.0,542.0,49.0,245.0,4.05,43,2.03,8.62,0.51,84.0,3151,3.55,1.33,3.04,31.0,0.51,7.6,2420.0,5259,10.14,8.11,bronze,,,,,,
27,80.0,14020.0,1161.0,132.0,106.0,56,12.0,11.0,214.0,15576.0,1043.0,11047.0,777.0,396.0,440.0,55.0,312.0,6.04,45,2.99,3.73,0.03,53.0,3651,2.77,1.99,4.43,26.0,0.54,5.59,3043.0,8057,11.15,15.08,bronze,,,,,,
28,70.0,12975.0,1008.0,247.0,108.0,58,16.0,9.0,204.0,13845.0,964.0,16665.0,1252.0,334.0,356.0,51.0,429.0,5.25,47,2.78,6.35,,93.0,2841,1.62,1.29,5.12,47.0,0.08,7.46,2250.0,8160,9.64,15.38,bronze,,,,,,
29,77.0,220.0,113.0,16.0,7.0,70,8.0,6.0,23.0,1191.0,514.0,1235.0,370.0,102.0,555.0,67.0,576.0,10.73,58,3.26,7.46,0.47,72.0,6285,5.6,2.62,6.06,40.0,1.4,6.06,4535.0,8592,15.86,16.79,bronze,,,,,,
30,55.0,313.0,313.0,5.0,,52,5.0,,2.0,,,123.0,123.0,422.0,,55.0,165.0,2.7,52,,6.74,,0.0,2709,,0.43,1.35,0.0,,9.44,2493.0,6918,4.05,12.14,bronze,,,,,,
31,33.0,1632.0,829.0,26.0,5.0,46,14.0,4.0,10.0,748.0,365.0,382.0,271.0,510.0,234.0,40.0,120.0,3.13,41,1.56,8.13,,92.0,3331,1.25,0.61,2.5,58.0,,9.69,2490.0,3064,5.94,5.63,bronze,,,,,,
32,56.0,1008.0,508.0,14.0,9.0,45,6.0,7.0,14.0,1483.0,670.0,1169.0,525.0,343.0,505.0,52.0,398.0,4.77,41,3.07,4.77,,57.0,3722,2.72,1.42,5.11,15.0,,6.47,2695.0,6072,9.2,14.99,bronze,,,,,,
33,57.0,100.0,100.0,6.0,4.0,56,6.0,4.0,7.0,795.0,795.0,932.0,932.0,56.78,452.0,57.0,529.0,3.97,50,2.27,3.41,0.57,86.0,2446,2.27,2.2,4.54,16.0,0.57,2.84,2367.0,11451,6.25,12.49,bronze,,,,,,
34,69.0,31094.0,1425.0,274.0,209.0,74,15.0,12.0,309.0,30710.0,1617.0,25433.0,1527.0,454.0,448.0,56.0,371.0,4.51,51,3.05,4.0,0.16,57.0,3183,2.76,1.85,4.01,26.0,0.29,5.31,2694.0,8373,9.83,14.71,bronze,,,,,,
35,46.0,208.0,208.0,3.0,,34,3.0,,,,,440.0,440.0,411.0,,46.0,869.0,1.97,34,1.97,5.92,,4.0,2684,1.97,0.5,,,,7.89,2015.0,8943,3.95,,bronze,1.0,1.0,1.0,,,
36,64.0,2696.0,598.0,78.0,30.0,60,13.0,7.0,67.0,4452.0,893.0,4201.0,609.0,243.0,401.0,49.0,378.0,6.03,49,2.7,7.02,0.09,69.0,3464,1.62,1.84,4.5,22.0,0.18,6.12,2873.0,8656,11.26,16.75,bronze,,,,,,
37,64.0,907.0,218.0,24.0,12.0,56,8.0,5.0,36.0,2017.0,528.0,1546.0,404.0,167.0,371.0,51.0,284.0,6.62,48,2.21,4.41,0.18,59.0,3590,1.1,1.62,4.23,23.0,,6.25,2883.0,7722,10.11,16.18,bronze,,,,,,
38,69.0,4325.0,411.0,82.0,50.0,100,10.0,9.0,92.0,7801.0,989.0,7754.0,834.0,338.0,609.0,61.0,606.0,7.19,56,3.91,6.4,0.16,44.0,3577,3.12,2.53,4.37,17.0,0.16,5.15,3002.0,9787,13.04,20.07,bronze,,,,,,
39,68.0,1948.0,915.0,32.0,16.0,57,10.0,10.0,22.0,2967.0,1086.0,2052.0,566.0,466.0,709.0,60.0,491.0,5.26,54,3.83,7.65,,66.0,3344,2.15,2.09,6.7,50.0,0.24,5.26,2312.0,10682,11.0,16.02,bronze,,,,,,
40,60.0,2545.0,670.0,16.0,15.0,62,5.0,6.0,21.0,2174.0,952.0,1866.0,620.0,549.0,469.0,56.0,403.0,4.53,50,3.24,3.45,,18.0,2889,2.8,1.77,3.45,12.0,0.65,5.61,2363.0,9849,9.92,17.04,bronze,,,,,,
41,73.0,1645.0,422.0,20.0,34.0,58,5.0,7.0,41.0,3995.0,1076.0,1512.0,323.0,235.0,570.0,63.0,216.0,5.85,50,4.85,2.85,,34.0,3888,2.14,4.11,5.28,14.0,0.43,2.71,3272.0,8649,11.13,16.7,bronze,,,,,,
42,72.0,5696.0,1175.0,72.0,57.0,62,10.0,9.0,55.0,6408.0,1049.0,6384.0,690.0,345.0,388.0,56.0,387.0,3.33,48,3.45,4.36,,68.0,2068,0.79,1.4,3.57,29.0,,4.54,1478.0,10510,6.36,16.11,bronze,,,,,,
43,50.0,,,,,65,,,,171.0,171.0,,,,841.0,50.0,,,65,,4.91,,100.0,5462,,0.5,,23.0,,9.81,3577.0,9167,4.91,,bronze,,,,1.0,1.0,
44,40.0,1070.0,802.0,4.0,5.0,57,3.0,4.0,10.0,895.0,784.0,857.0,637.0,569.0,476.0,38.0,455.0,5.31,55,2.66,2.13,,79.0,3480,3.19,1.58,6.38,28.0,,6.38,2065.0,11662,10.09,10.63,bronze,,,,,,
45,100.0,3909.0,533.0,60.0,22.0,76,15.0,5.0,58.0,3788.0,1124.0,2166.0,425.0,368.0,356.0,61.0,204.0,5.46,62,2.07,5.65,0.09,70.0,3797,2.16,1.18,4.61,20.0,0.47,8.19,3000.0,7472,9.69,12.8,bronze,,,,,,
46,100.0,293.0,193.0,5.0,,51,2.0,,5.0,783.0,449.0,182.0,107.0,233.0,624.0,49.0,145.0,3.98,43,0.8,3.98,,71.0,2357,0.8,1.5,0.8,5.0,0.8,4.78,1833.0,7597,7.17,11.94,bronze,,1.0,1.0,,,
47,49.0,406.0,368.0,7.0,,58,4.0,,,126.0,126.0,272.0,248.0,419.0,131.0,47.0,281.0,,48,1.03,7.22,,13.0,4720,1.03,0.5,3.1,13.0,,8.25,2070.0,4815,4.13,14.45,bronze,,1.0,1.0,,,
48,58.0,696.0,309.0,12.0,7.0,63,5.0,4.0,14.0,1363.0,739.0,1538.0,991.0,225.0,441.0,56.0,498.0,4.53,55,2.27,3.88,,90.0,2376,2.27,1.53,5.18,43.0,,5.5,2308.0,9624,8.42,13.59,bronze,,,,,,
49,61.0,200.0,200.0,,,45,,,,287.0,287.0,43.0,43.0,550.0,790.0,62.0,118.0,,45,,2.75,,,2394,,0.67,,,,8.25,2394.0,6432,5.5,2.75,bronze,,,,1.0,1.0,
50,63.0,697.0,406.0,8.0,5.0,52,6.0,3.0,9.0,1262.0,968.0,895.0,525.0,243.0,441.0,57.0,313.0,3.14,51,1.75,2.8,,53.0,2865,2.45,3.5,4.19,6.0,0.35,2.8,1652.0,8443,9.78,18.17,bronze,,,,,,
51,68.0,655.0,380.0,11.0,6.0,57,7.0,5.0,6.0,750.0,551.0,1072.0,868.0,353.0,404.0,58.0,578.0,3.23,49,3.23,5.93,,98.0,2413,1.08,0.92,2.16,23.0,,7.01,2283.0,10181,6.47,15.63,bronze,,,,,,
52,68.0,3317.0,560.0,46.0,29.0,67,10.0,6.0,67.0,3840.0,573.0,5593.0,816.0,329.0,380.0,58.0,554.0,6.64,50,2.87,4.56,0.1,39.0,3998,3.17,1.9,5.45,27.0,,6.64,3450.0,8528,12.58,16.05,bronze,,,,,,
53,71.0,2743.0,613.0,45.0,26.0,54,12.0,8.0,41.0,5040.0,1653.0,3420.0,792.0,316.0,581.0,55.0,394.0,4.72,45,3.0,5.19,0.12,96.0,2885,1.73,1.73,5.65,33.0,,5.88,2565.0,9382,10.14,14.75,bronze,,,,,,
54,70.0,2114.0,792.0,26.0,17.0,53,10.0,8.0,51.0,1688.0,631.0,990.0,303.0,440.0,351.0,57.0,206.0,10.61,51,3.54,5.41,0.21,89.0,4078,4.16,3.36,8.12,40.0,0.21,5.2,3400.0,6096,17.48,19.14,bronze,,,,,,
55,60.0,701.0,318.0,13.0,7.0,76,6.0,5.0,7.0,1012.0,489.0,596.0,268.0,290.0,418.0,55.0,247.0,2.89,54,2.89,5.37,,39.0,4537,2.07,3.13,3.72,29.0,,3.31,3165.0,7092,10.34,15.3,bronze,,,,,,
56,57.0,624.0,324.0,9.0,3.0,60,6.0,3.0,3.0,302.0,246.0,334.0,202.0,524.0,254.0,56.0,281.0,2.52,45,2.52,7.57,,64.0,3544,,0.67,6.73,54.0,,10.09,3241.0,5839,6.73,13.45,bronze,,,,,,
57,60.0,636.0,322.0,13.0,5.0,59,9.0,3.0,18.0,930.0,769.0,591.0,378.0,257.0,375.0,52.0,239.0,7.27,51,2.02,5.25,0.4,62.0,3870,1.61,1.14,4.04,21.0,,8.48,2964.0,6688,9.69,14.94,bronze,,,,,,
58,67.0,3663.0,691.0,78.0,31.0,59,13.0,9.0,55.0,5116.0,1096.0,4267.0,891.0,358.0,500.0,57.0,417.0,5.37,49,3.03,7.62,0.1,88.0,4283,3.32,1.98,5.08,34.0,0.29,5.18,3394.0,8499,10.25,13.38,bronze,,,,,,
59,67.0,4822.0,1039.0,59.0,33.0,69,13.0,9.0,60.0,4715.0,1022.0,5313.0,852.0,392.0,383.0,54.0,432.0,4.88,50,2.68,4.79,,70.0,2480,0.81,1.06,4.71,29.0,0.08,8.13,2014.0,6350,8.61,13.49,bronze,,,,,,
60,100.0,1228.0,617.0,17.0,10.0,65,8.0,3.0,20.0,,,1933.0,983.0,313.0,,55.0,493.0,5.11,52,2.55,4.34,,130.0,3205,2.3,1.56,3.57,,,6.38,2239.0,7329,9.96,,bronze,,,,,,
61,83.0,1387.0,455.0,8.0,4.0,51,3.0,2.0,4.0,,,797.0,391.0,760.0,,55.0,437.0,2.19,42,2.19,4.38,,179.0,2504,1.1,0.82,3.29,,,6.03,1522.0,5376,4.93,,bronze,,,,,,
62,64.0,1341.0,400.0,20.0,9.0,68,6.0,4.0,22.0,,,2312.0,755.0,255.0,,57.0,439.0,4.18,51,1.71,3.8,,43.0,4416,3.42,6.75,5.13,,0.57,1.52,2517.0,8744,10.26,,bronze,,,,,,
63,67.0,2100.0,504.0,32.0,19.0,56,6.0,8.0,45.0,2811.0,702.0,3582.0,576.0,318.0,425.0,52.0,542.0,6.81,47,2.88,4.84,,83.0,3284,3.33,2.61,5.3,48.0,0.3,5.0,2839.0,9381,13.02,16.5,bronze,,,,,,
64,41.0,100.0,100.0,,,40,,,3.0,,,220.0,220.0,187.0,,41.0,413.0,5.62,40,,1.87,,55.0,3612,,1.67,1.87,16.0,,5.62,2169.0,8963,9.37,20.62,bronze,,,,1.0,1.0,
65,63.0,2834.0,820.0,19.0,11.0,46,7.0,5.0,12.0,1846.0,481.0,1457.0,365.0,654.0,426.0,41.0,336.0,2.77,44,2.54,4.38,0.23,91.0,3431,2.08,0.58,2.31,30.0,,9.92,2157.0,7465,5.77,7.38,bronze,,,,,,
66,59.0,1469.0,775.0,11.0,9.0,46,4.0,5.0,13.0,798.0,395.0,1172.0,513.0,535.0,290.0,49.0,427.0,4.73,41,3.28,4.0,,23.0,2747,1.46,1.32,6.19,23.0,0.36,6.92,2133.0,6985,9.1,12.74,bronze,,,,,,
67,75.0,7047.0,726.0,69.0,52.0,86,10.0,8.0,102.0,,,7014.0,879.0,457.0,,57.0,454.0,6.61,55,3.37,4.47,0.13,34.0,4553,3.3,2.29,4.86,,0.52,5.57,3483.0,7667,12.76,,bronze,,,,,,
68,62.0,1047.0,344.0,15.0,13.0,63,6.0,6.0,13.0,1403.0,360.0,1281.0,546.0,309.0,415.0,58.0,379.0,3.84,51,3.84,4.43,0.3,60.0,3439,2.66,0.86,2.95,14.0,0.3,8.27,2501.0,8186,7.09,10.64,bronze,,,,,,
69,80.0,4487.0,1229.0,75.0,35.0,60,13.0,10.0,82.0,6285.0,1223.0,4909.0,1232.0,351.0,492.0,51.0,384.0,6.42,49,2.74,5.87,0.23,57.0,4176,4.85,3.48,5.32,23.0,1.1,4.07,3537.0,8648,14.17,14.4,bronze,,,,,,
70,74.0,12098.0,646.0,226.0,169.0,82,15.0,13.0,218.0,20677.0,1574.0,19966.0,1400.0,292.0,500.0,56.0,483.0,5.27,56,4.08,5.46,,51.0,3483,2.1,1.87,4.37,20.0,0.19,5.75,2986.0,9225,10.75,17.84,bronze,,,,,,
71,67.0,666.0,294.0,9.0,8.0,43,8.0,7.0,10.0,895.0,635.0,650.0,359.0,321.0,431.0,57.0,313.0,4.82,41,3.85,4.33,,91.0,2098,1.93,1.91,6.26,10.0,,5.3,1691.0,8288,10.11,14.93,silver,,,,,,
72,70.0,18903.0,1132.0,325.0,174.0,70,20.0,13.0,247.0,24765.0,1768.0,18843.0,1070.0,409.0,536.0,60.0,407.0,5.34,53,3.76,7.03,0.13,67.0,3610,3.31,2.23,4.91,23.0,0.35,5.38,3068.0,8990,12.02,15.76,silver,,,,,,
73,54.0,241.0,241.0,7.0,4.0,69,7.0,4.0,7.0,661.0,661.0,471.0,471.0,233.0,639.0,54.0,454.0,6.76,69,3.86,6.76,,81.0,5698,1.93,2.17,5.79,81.0,0.97,5.79,3703.0,8657,12.55,19.31,silver,,,,,,
74,79.0,4389.0,955.0,56.0,36.0,61,8.0,6.0,57.0,4597.0,789.0,3975.0,817.0,587.0,615.0,61.0,532.0,7.63,49,4.82,7.49,0.13,160.0,3368,2.27,1.98,8.3,48.0,,6.42,2735.0,9511,12.71,19.0,silver,,,,,,
75,62.0,659.0,521.0,13.0,3.0,60,7.0,2.0,10.0,945.0,554.0,876.0,565.0,386.0,553.0,60.0,513.0,5.85,59,1.76,7.61,,81.0,2971,1.76,3.6,7.02,81.0,,2.93,2681.0,8031,10.54,14.05,silver,,,,,,
76,71.0,2216.0,559.0,48.0,30.0,63,13.0,8.0,62.0,4175.0,995.0,3228.0,819.0,282.0,531.0,64.0,411.0,7.89,55,3.82,6.11,0.38,43.0,3878,3.31,2.57,5.22,24.0,0.25,5.6,2774.0,8958,14.38,18.58,silver,,,,,,
77,77.0,29104.0,1170.0,548.0,424.0,78,14.0,16.0,554.0,55953.0,1747.0,30813.0,950.0,257.0,494.0,67.0,272.0,4.89,57,3.74,4.84,0.16,50.0,2790,1.97,2.24,3.55,17.0,0.25,4.04,2149.0,9608,9.04,16.15,silver,,,,,,
78,85.0,1433.0,591.0,36.0,10.0,78,9.0,3.0,27.0,2846.0,1283.0,3067.0,1804.0,319.0,634.0,56.0,683.0,6.01,52,2.23,8.02,0.45,77.0,4398,4.01,2.39,6.01,12.0,0.22,5.12,4259.0,9217,12.25,13.37,silver,,,,,,
79,62.0,1745.0,642.0,19.0,14.0,62,6.0,4.0,18.0,1070.0,391.0,1046.0,389.0,651.0,399.0,57.0,390.0,6.71,50,5.22,7.09,0.37,34.0,4623,4.48,1.5,7.46,28.0,0.75,9.7,4350.0,8347,14.54,15.66,silver,,,,,,
80,61.0,1279.0,911.0,19.0,8.0,53,12.0,4.0,15.0,1686.0,984.0,1655.0,1126.0,467.0,616.0,60.0,604.0,5.48,50,2.92,6.94,,67.0,4690,1.1,1.29,5.48,18.0,,6.21,3640.0,9031,8.03,13.88,silver,,,,,,
81,72.0,202.0,102.0,9.0,3.0,55,5.0,2.0,4.0,451.0,311.0,357.0,268.0,220.0,491.0,58.0,388.0,4.35,53,3.26,9.79,,3.0,4789,2.18,0.55,3.26,3.0,1.09,11.97,4332.0,6431,6.53,10.88,silver,,,,,,
82,75.0,6951.0,787.0,105.0,51.0,82,13.0,7.0,82.0,6396.0,904.0,7106.0,686.0,553.0,509.0,62.0,566.0,6.53,56,4.06,8.36,,76.0,2848,1.59,1.48,4.94,33.0,0.08,7.48,2158.0,9485,11.06,17.99,silver,,,,,,
83,67.0,287.0,187.0,12.0,9.0,54,6.0,6.0,17.0,869.0,429.0,403.0,248.0,146.0,441.0,55.0,205.0,8.63,46,4.57,6.09,,12.0,2817,2.03,2.44,3.05,10.0,,4.57,2556.0,7929,11.17,19.3,silver,,,,,,
84,100.0,3657.0,576.0,81.0,63.0,75,9.0,7.0,81.0,8449.0,1504.0,5927.0,714.0,214.0,495.0,63.0,347.0,4.75,54,3.69,4.75,0.18,52.0,2583,2.17,2.11,3.75,13.0,0.23,4.28,2061.0,10142,9.03,15.3,silver,,,,,,
85,73.0,2139.0,578.0,42.0,23.0,48,9.0,4.0,47.0,4016.0,706.0,3250.0,914.0,320.0,601.0,52.0,486.0,7.03,42,3.44,6.28,0.15,62.0,4268,2.09,1.81,4.19,24.0,,6.43,3076.0,8582,11.66,16.15,silver,,,,,,
86,68.0,3090.0,584.0,46.0,32.0,65,9.0,8.0,50.0,3778.0,838.0,3204.0,711.0,337.0,412.0,55.0,349.0,5.45,46,3.49,5.01,0.11,74.0,2464,1.63,1.86,5.12,26.0,0.22,5.34,2232.0,7842,9.92,16.24,silver,,,,,,
87,64.0,1637.0,668.0,33.0,10.0,57,14.0,4.0,20.0,2698.0,988.0,2436.0,822.0,296.0,487.0,46.0,440.0,3.61,45,1.81,5.96,0.36,88.0,3153,1.45,,4.16,30.0,0.18,6.32,1683.0,9405,6.32,11.2,silver,,,,,,1.0
88,80.0,3524.0,784.0,61.0,41.0,71,12.0,7.0,82.0,6594.0,1173.0,5505.0,1213.0,284.0,531.0,65.0,444.0,6.61,58,3.3,4.92,,45.0,4203,2.98,3.15,5.08,8.0,0.32,4.19,3589.0,9327,13.22,17.25,silver,,,,,,
89,64.0,1567.0,733.0,46.0,24.0,72,18.0,9.0,37.0,2854.0,1067.0,2714.0,963.0,302.0,550.0,60.0,523.0,7.12,63,4.62,8.86,,88.0,4195,5.01,4.16,7.12,14.0,0.58,3.66,3614.0,10200,15.21,17.33,silver,,,,,,
90,49.0,412.0,412.0,4.0,3.0,51,4.0,3.0,3.0,407.0,407.0,461.0,461.0,413.0,408.0,50.0,462.0,3.01,51,3.01,4.01,,40.0,4664,5.01,1.8,2.01,31.0,,5.01,4280.0,7882,9.03,11.03,silver,,,,,,
91,100.0,21542.0,895.0,316.0,153.0,92,14.0,9.0,295.0,29121.0,2086.0,27698.0,1222.0,394.0,532.0,63.0,506.0,5.39,58,2.8,5.78,0.05,91.0,2851,2.23,2.26,5.76,41.0,0.11,4.72,2239.0,10398,10.64,16.03,silver,,,,,,
92,100.0,30012.0,1211.0,317.0,150.0,62,11.0,8.0,336.0,22376.0,1055.0,18578.0,1049.0,507.0,378.0,46.0,314.0,5.68,42,2.53,5.36,0.02,71.0,3218,2.23,1.38,4.11,30.0,0.2,7.06,2542.0,7227,9.72,12.64,silver,,,,,,
93,63.0,5423.0,917.0,65.0,44.0,72,12.0,10.0,60.0,7041.0,1009.0,4192.0,916.0,453.0,588.0,54.0,350.0,5.01,47,3.68,5.43,0.17,84.0,2915,1.59,1.46,6.18,24.0,,6.85,2187.0,8289,10.03,15.96,silver,,,,,,
94,83.0,850.0,455.0,20.0,6.0,81,8.0,5.0,25.0,1803.0,982.0,1914.0,866.0,309.0,656.0,74.0,696.0,9.1,71,2.18,7.28,,74.0,6539,2.55,4.7,7.64,23.0,,3.64,4279.0,16052,17.1,21.1,silver,,,,,,
95,67.0,3009.0,825.0,28.0,10.0,67,8.0,4.0,22.0,2260.0,931.0,2311.0,504.0,492.0,369.0,56.0,378.0,3.59,53,1.63,4.58,,51.0,3407,2.12,1.65,3.43,15.0,0.33,5.07,2340.0,7498,8.33,11.11,silver,,,,,,
96,88.0,3306.0,580.0,76.0,27.0,64,16.0,6.0,58.0,3965.0,841.0,4535.0,973.0,359.0,431.0,59.0,493.0,6.3,52,2.93,8.26,0.11,117.0,3225,1.63,1.54,6.84,53.0,0.11,7.06,2275.0,8155,10.86,18.03,silver,,,,,,
97,100.0,53263.0,976.0,907.0,569.0,250,14.0,13.0,785.0,78701.0,1720.0,71917.0,1771.0,318.0,470.0,62.0,430.0,4.69,50,3.4,5.42,0.09,48.0,3461,2.6,2.37,4.32,15.0,0.36,4.59,2849.0,8045,10.88,14.71,silver,,,,,,
98,63.0,432.0,170.0,26.0,15.0,68,13.0,6.0,18.0,1850.0,954.0,1626.0,808.0,159.0,678.0,58.0,596.0,6.6,58,5.5,9.53,,76.0,4810,3.67,3.23,9.17,14.0,0.73,4.77,3977.0,9793,15.4,17.97,silver,,,,,,
99,86.0,1854.0,1044.0,42.0,10.0,58,11.0,4.0,34.0,2621.0,999.0,2833.0,917.0,339.0,479.0,65.0,517.0,6.21,54,1.83,7.67,,106.0,4020,4.02,2.65,4.02,17.0,0.73,4.2,2910.0,10537,11.14,11.69,silver,,,,,,
100,54.0,1031.0,640.0,17.0,4.0,49,9.0,3.0,8.0,1069.0,539.0,483.0,235.0,522.0,542.0,49.0,245.0,4.05,43,2.03,8.62,0.51,84.0,3151,3.55,1.33,3.04,31.0,0.51,7.6,2420.0,5259,10.14,8.11,silver,,,,,,
101,69.0,478.0,200.0,9.0,3.0,71,4.0,2.0,8.0,653.0,429.0,497.0,238.0,359.0,490.0,55.0,373.0,6.0,51,2.25,6.75,0.75,67.0,4534,6.0,1.9,5.25,20.0,,7.5,3322.0,6606,14.25,15.75,silver,,,,,,
102,67.0,1851.0,618.0,35.0,16.0,59,8.0,6.0,31.0,2363.0,879.0,3826.0,1661.0,353.0,451.0,55.0,730.0,5.91,53,3.05,6.68,,69.0,3382,3.24,2.25,5.34,21.0,0.38,5.34,2997.0,10337,12.02,15.64,silver,,,,,,
103,71.0,2940.0,1279.0,48.0,20.0,62,12.0,6.0,32.0,2962.0,1195.0,2600.0,1185.0,447.0,451.0,59.0,396.0,4.87,52,3.04,7.31,0.15,76.0,3135,3.5,1.94,5.17,30.0,0.15,5.17,2486.0,8251,10.04,14.0,silver,,,,,,
104,62.0,3573.0,1203.0,35.0,20.0,56,9.0,6.0,35.0,3703.0,1792.0,2857.0,1167.0,547.0,567.0,56.0,438.0,5.36,50,3.06,5.36,,67.0,3516,2.76,1.89,3.37,11.0,0.46,5.36,2562.0,7991,10.11,13.63,silver,,,,,,
105,64.0,12844.0,1170.0,196.0,124.0,66,13.0,9.0,202.0,15366.0,973.0,9748.0,896.0,359.0,430.0,59.0,272.0,5.65,47,3.47,5.48,0.14,69.0,3393,3.21,1.81,4.72,34.0,0.42,6.29,2772.0,7071,11.38,14.9,silver,,,,,,
106,71.0,7096.0,754.0,139.0,94.0,100,12.0,11.0,122.0,12753.0,998.0,8490.0,851.0,274.0,493.0,58.0,328.0,4.72,55,3.64,5.38,0.15,85.0,2991,2.13,1.7,4.8,25.0,0.27,5.34,2434.0,8565,9.09,16.17,silver,,,,,,
107,66.0,449.0,349.0,2.0,3.0,75,,2.0,5.0,286.0,167.0,219.0,187.0,584.0,372.0,58.0,285.0,6.5,58,3.9,2.6,,121.0,4536,3.9,2.0,9.1,25.0,1.3,6.5,3417.0,8984,13.0,10.4,silver,,,,,1.0,
108,64.0,3196.0,982.0,54.0,46.0,48,9.0,9.0,68.0,5221.0,876.0,4172.0,991.0,320.0,522.0,57.0,417.0,6.8,43,4.6,5.4,0.1,48.0,2542,1.7,2.16,5.0,24.0,0.1,5.1,2181.0,8843,11.0,18.71,silver,,,,,,
109,81.0,200.0,200.0,8.0,9.0,62,4.0,8.0,3.0,841.0,798.0,808.0,548.0,163.0,683.0,71.0,656.0,2.44,58,7.32,6.5,,5.0,2272,3.25,3.25,4.88,5.0,,3.25,1760.0,9866,10.57,18.7,silver,,,,,,
110,54.0,778.0,407.0,10.0,7.0,58,3.0,3.0,8.0,1022.0,384.0,1119.0,475.0,278.0,366.0,49.0,400.0,2.86,56,2.51,3.58,,61.0,4642,2.51,,2.15,8.0,,6.8,2928.0,8124,6.8,11.81,silver,,,,,,1.0
111,81.0,9463.0,864.0,195.0,137.0,67,11.0,8.0,212.0,17910.0,1185.0,12056.0,685.0,239.0,453.0,55.0,305.0,5.36,52,3.46,4.93,0.08,52.0,2933,2.2,1.7,4.45,20.0,0.18,5.56,2217.0,8360,9.48,16.68,silver,,,,,,
112,51.0,685.0,417.0,22.0,10.0,51,10.0,6.0,17.0,1388.0,624.0,1211.0,512.0,242.0,490.0,40.0,427.0,6.0,48,3.53,7.76,,77.0,4151,2.12,1.45,5.29,29.0,,7.06,2460.0,6796,10.23,14.47,silver,,,,,,
113,71.0,644.0,267.0,25.0,6.0,54,9.0,4.0,21.0,901.0,401.0,971.0,314.0,147.0,206.0,57.0,222.0,4.8,46,1.37,5.71,,28.0,2829,2.29,1.13,4.8,22.0,,7.31,2658.0,6834,8.23,11.2,silver,,,,,,
114,64.0,1463.0,494.0,28.0,10.0,72,9.0,7.0,26.0,1426.0,624.0,1381.0,589.0,362.0,352.0,59.0,341.0,6.42,53,2.47,6.92,,80.0,3740,1.48,2.5,5.68,27.0,,4.45,3402.0,9474,11.12,16.8,silver,,,,,,
115,48.0,1870.0,1235.0,9.0,7.0,67,5.0,4.0,7.0,1025.0,564.0,1033.0,642.0,831.0,455.0,47.0,459.0,3.11,60,3.11,4.0,,51.0,3968,1.33,0.74,1.78,19.0,,8.44,2945.0,8570,6.22,12.44,silver,,,,,,
116,100.0,3222.0,580.0,40.0,20.0,57,9.0,5.0,28.0,,,5154.0,1103.0,420.0,,50.0,672.0,3.65,43,2.61,5.21,,63.0,3228,1.96,1.12,4.43,,,6.65,2031.0,8485,7.43,,silver,,,,,,
117,54.0,81.0,81.0,5.0,2.0,62,5.0,2.0,5.0,302.0,302.0,460.0,460.0,104.0,387.0,54.0,590.0,6.41,62,2.57,6.41,,8.0,3022,2.57,1.5,2.57,8.0,,7.7,2657.0,7178,11.55,17.96,silver,,,,,,
118,79.0,930.0,330.0,12.0,12.0,63,4.0,8.0,17.0,1647.0,895.0,952.0,416.0,384.0,680.0,60.0,393.0,7.02,55,4.95,4.95,,24.0,6375,2.89,3.67,3.72,5.0,,3.72,3670.0,9467,13.62,19.4,silver,,,,,,
119,71.0,3445.0,814.0,44.0,22.0,59,12.0,6.0,38.0,3191.0,841.0,3088.0,817.0,549.0,508.0,57.0,492.0,6.05,51,3.5,7.01,0.32,58.0,3309,2.55,1.44,4.62,20.0,,6.53,2405.0,9964,9.39,15.6,silver,,,,,,
120,80.0,2316.0,490.0,27.0,15.0,100,6.0,7.0,37.0,,,,,428.0,,62.0,,6.83,58,2.77,4.99,0.37,24.0,3021,4.43,1.89,4.99,,0.92,6.83,2413.0,6180,12.93,,silver,,,,,,
121,49.0,,,,,52,,,2.0,154.0,154.0,354.0,354.0,,348.0,50.0,799.0,4.52,52,,,,13.0,2455,4.52,,4.52,13.0,2.26,9.03,2440.0,10652,9.03,13.55,silver,,,,,,1.0
122,57.0,624.0,254.0,19.0,5.0,69,8.0,3.0,25.0,1555.0,871.0,1002.0,568.0,182.0,453.0,54.0,292.0,7.28,50,1.46,5.53,,88.0,2932,2.33,1.29,4.37,11.0,0.29,8.15,2333.0,6382,10.48,11.94,silver,,,,,,
123,71.0,,,,,17,,,,,,62.0,62.0,,,71.0,564.0,9.1,17,,9.1,,33.0,3412,,,,33.0,,9.1,3412.0,7729,9.1,9.1,silver,1.0,,,1.0,1.0,1.0
124,100.0,799.0,370.0,24.0,17.0,61,9.0,6.0,39.0,,,1256.0,584.0,190.0,,57.0,299.0,9.29,51,4.05,5.72,,50.0,4685,2.86,2.74,5.48,,0.24,5.48,2977.0,8160,15.01,,silver,,,,,,
125,71.0,5688.0,1193.0,75.0,44.0,68,15.0,7.0,100.0,5978.0,939.0,5231.0,889.0,424.0,446.0,65.0,390.0,7.46,59,3.28,5.59,0.3,62.0,3740,4.4,2.69,5.44,16.0,0.37,4.85,3073.0,8068,13.05,15.51,silver,,,,,,
126,44.0,411.0,411.0,4.0,3.0,40,4.0,3.0,8.0,393.0,393.0,197.0,197.0,444.0,424.0,44.0,213.0,8.64,40,3.24,4.32,,115.0,2693,3.24,5.5,3.24,16.0,,2.16,1568.0,9136,11.88,27.0,silver,,,,,,
127,100.0,11716.0,542.0,242.0,132.0,72,13.0,10.0,280.0,20999.0,1100.0,16370.0,856.0,229.0,411.0,55.0,320.0,5.48,47,2.58,4.74,0.12,68.0,3264,1.9,1.91,4.44,26.0,0.29,5.5,2604.0,8309,10.53,15.39,silver,,,,,,
128,79.0,2340.0,516.0,32.0,23.0,78,8.0,8.0,32.0,,,3176.0,851.0,313.0,,60.0,425.0,4.28,50,3.08,4.28,,46.0,3466,2.14,1.17,3.35,,0.13,7.09,2108.0,5843,8.3,,silver,,,,,,
129,81.0,1726.0,457.0,37.0,13.0,61,11.0,4.0,27.0,2829.0,603.0,3875.0,915.0,236.0,387.0,59.0,530.0,3.69,54,1.78,5.06,,80.0,2368,1.23,1.4,3.14,19.0,0.14,6.42,1931.0,8932,9.02,12.71,silver,,,,,,
130,76.0,3726.0,777.0,58.0,37.0,67,9.0,7.0,76.0,4765.0,822.0,4715.0,1337.0,330.0,421.0,69.0,417.0,6.72,58,3.27,5.13,0.18,70.0,3459,2.83,2.9,5.22,19.0,0.09,4.51,2914.0,9008,13.09,17.51,silver,,,,,,
131,73.0,2564.0,950.0,28.0,10.0,73,12.0,3.0,18.0,1168.0,267.0,1486.0,368.0,552.0,252.0,60.0,320.0,3.88,53,2.15,6.03,0.22,108.0,3293,1.72,1.37,3.45,37.0,0.43,7.54,2463.0,7806,10.34,13.36,silver,,,,,,
132,63.0,2193.0,939.0,35.0,32.0,63,9.0,10.0,40.0,2857.0,643.0,2257.0,573.0,320.0,417.0,54.0,329.0,5.83,54,4.67,5.1,0.44,61.0,2714,3.06,2.03,4.52,13.0,,4.67,2163.0,7381,9.48,17.06,silver,,,,,,
133,80.0,2266.0,686.0,33.0,11.0,100,6.0,5.0,27.0,2122.0,535.0,2341.0,546.0,410.0,384.0,56.0,423.0,4.88,53,1.99,5.97,,39.0,2988,1.63,1.6,4.88,19.0,,5.42,2700.0,8351,8.68,15.55,silver,,,,,,
134,83.0,4590.0,1208.0,50.0,30.0,69,10.0,10.0,39.0,4600.0,1558.0,4889.0,1984.0,584.0,586.0,56.0,623.0,4.97,58,3.82,6.37,0.25,98.0,3192,1.91,1.15,5.73,40.0,0.13,8.4,2805.0,9509,9.68,16.94,silver,,,,,,
135,73.0,3871.0,741.0,78.0,52.0,70,14.0,12.0,76.0,6318.0,1567.0,5709.0,1053.0,359.0,586.0,58.0,529.0,7.04,52,4.82,7.23,0.28,99.0,3381,2.87,2.25,5.19,25.0,0.28,5.47,2676.0,9166,12.33,17.52,silver,,,,,,
136,48.0,360.0,285.0,2.0,,56,,,,167.0,167.0,453.0,264.0,505.0,233.0,46.0,635.0,1.4,46,,2.8,,4.0,1571,,0.29,2.8,4.0,,9.81,1564.0,7036,2.8,8.41,silver,1.0,,,,1.0,
137,69.0,2290.0,625.0,43.0,28.0,73,8.0,5.0,51.0,3942.0,811.0,3770.0,698.0,256.0,441.0,62.0,422.0,5.7,58,3.13,4.81,0.45,99.0,3567,2.91,2.31,4.7,15.0,0.22,4.7,2683.0,8841,10.85,17.22,silver,,,,,,
138,62.0,3425.0,960.0,60.0,26.0,60,18.0,9.0,50.0,4650.0,1489.0,3946.0,1208.0,461.0,626.0,49.0,531.0,6.73,50,3.5,8.07,0.67,62.0,3801,3.63,2.58,5.78,39.0,0.94,5.11,3309.0,7368,13.18,16.28,silver,,,,,,
139,75.0,6528.0,1127.0,92.0,40.0,74,9.0,6.0,74.0,8092.0,922.0,5394.0,489.0,439.0,544.0,64.0,362.0,4.97,58,2.69,6.18,0.07,56.0,3387,2.75,1.86,4.03,25.0,0.4,5.31,2830.0,8473,9.87,14.64,silver,,,,,,
140,60.0,399.0,239.0,5.0,2.0,48,3.0,,3.0,483.0,409.0,556.0,396.0,350.0,423.0,57.0,488.0,2.63,48,1.75,4.38,,7.0,3202,2.63,0.78,0.88,7.0,,7.89,2821.0,8566,6.14,11.4,silver,,,1.0,,,
141,65.0,1326.0,809.0,11.0,4.0,52,6.0,3.0,8.0,575.0,391.0,739.0,597.0,742.0,322.0,60.0,414.0,4.48,49,2.24,6.16,,57.0,3626,1.12,1.4,0.56,57.0,,5.6,2650.0,10151,7.84,14.56,silver,,,,,,
142,74.0,2586.0,672.0,32.0,11.0,63,6.0,4.0,24.0,1615.0,324.0,2382.0,492.0,402.0,251.0,57.0,371.0,3.73,48,1.71,4.98,,71.0,2541,1.24,0.93,3.42,28.0,0.16,6.53,1873.0,8988,6.07,10.89,silver,,,,,,
143,76.0,6529.0,796.0,115.0,61.0,83,17.0,11.0,102.0,10388.0,1361.0,5386.0,1123.0,363.0,577.0,65.0,299.0,5.66,62,3.39,6.39,0.28,73.0,3957,3.22,2.27,4.33,13.0,0.33,5.22,3143.0,8085,11.83,14.44,silver,,,,,,
144,70.0,4378.0,801.0,63.0,54.0,63,12.0,8.0,98.0,7335.0,991.0,5433.0,1078.0,294.0,492.0,59.0,364.0,6.57,47,3.62,4.22,0.13,68.0,3425,2.48,2.16,4.29,17.0,0.4,5.3,2805.0,9218,11.47,17.57,silver,,,,,,
145,64.0,3776.0,748.0,53.0,35.0,74,13.0,10.0,61.0,5350.0,1575.0,4739.0,1364.0,407.0,576.0,56.0,510.0,6.57,52,3.77,5.71,0.11,52.0,4383,2.48,2.17,4.74,14.0,0.22,5.17,3119.0,9656,11.2,17.33,silver,,,,,,
146,100.0,19941.0,1076.0,275.0,165.0,77,10.0,7.0,257.0,23246.0,942.0,20188.0,977.0,383.0,447.0,60.0,388.0,4.94,53,3.17,5.29,0.04,93.0,2482,1.85,1.34,4.35,36.0,0.1,6.63,1918.0,9069,8.9,16.38,silver,,,,,,
147,57.0,227.0,227.0,3.0,3.0,53,3.0,3.0,4.0,327.0,327.0,372.0,372.0,218.0,313.0,57.0,357.0,3.83,53,2.88,2.88,,57.0,2454,0.96,1.17,4.79,4.0,,5.75,1051.0,9357,6.71,12.46,silver,,,,,,
148,86.0,3883.0,900.0,57.0,31.0,61,15.0,5.0,50.0,3934.0,581.0,2755.0,488.0,467.0,474.0,64.0,332.0,6.02,50,3.73,6.86,,82.0,3195,3.49,1.58,5.78,54.0,0.24,7.7,2849.0,7808,12.16,15.29,silver,,,,,,
149,83.0,5885.0,465.0,87.0,56.0,100,8.0,7.0,75.0,8456.0,1017.0,8674.0,839.0,285.0,409.0,58.0,420.0,3.63,48,2.71,4.21,0.15,68.0,2810,1.98,1.27,4.16,23.0,0.05,6.34,2115.0,8124,8.03,14.61,silver,,,,,,
150,66.0,781.0,443.0,22.0,10.0,58,11.0,4.0,12.0,1639.0,672.0,721.0,443.0,327.0,686.0,61.0,302.0,5.02,56,4.19,9.21,,20.0,3839,1.67,2.64,3.77,15.0,,4.61,2986.0,9244,12.14,17.17,gold,,,,,,
151,68.0,1532.0,628.0,32.0,21.0,57,9.0,7.0,34.0,2994.0,1100.0,2688.0,786.0,267.0,523.0,62.0,469.0,5.94,49,3.67,5.59,,51.0,2641,1.92,1.5,4.19,8.0,0.17,5.94,2147.0,9003,8.9,14.84,gold,,,,,,
152,74.0,4031.0,577.0,48.0,22.0,71,8.0,5.0,43.0,3969.0,758.0,3835.0,788.0,437.0,430.0,67.0,416.0,4.66,63,2.38,5.2,0.11,63.0,3168,1.95,1.36,3.47,34.0,0.22,6.93,2481.0,8720,9.43,13.43,gold,,,,,,
153,70.0,2025.0,700.0,53.0,24.0,75,14.0,8.0,53.0,4210.0,1361.0,2854.0,1064.0,339.0,704.0,65.0,478.0,8.87,55,4.02,8.87,0.5,55.0,5324,3.51,4.09,6.19,33.0,0.33,3.85,4320.0,10121,15.73,18.74,gold,,,,,,
154,71.0,1844.0,469.0,14.0,10.0,62,7.0,4.0,13.0,1787.0,600.0,1044.0,470.0,496.0,481.0,58.0,281.0,3.5,50,2.69,3.77,0.27,81.0,3533,2.42,1.07,3.5,11.0,0.27,7.8,2849.0,6845,8.34,10.22,gold,,,,,,
155,60.0,100.0,100.0,2.0,,33,2.0,,,113.0,113.0,,,289.0,326.0,60.0,,2.89,33,,5.79,,22.0,3018,,,8.68,22.0,,8.68,3018.0,5091,8.68,14.47,gold,1.0,,,,,1.0
156,66.0,1153.0,647.0,11.0,4.0,54,7.0,3.0,18.0,991.0,408.0,1638.0,812.0,420.0,361.0,62.0,596.0,6.55,52,1.46,4.01,,36.0,3388,2.91,2.92,5.1,33.0,0.36,4.37,2779.0,9694,12.75,17.48,gold,,,,,,
157,53.0,,,,,54,,,2.0,133.0,133.0,277.0,277.0,,388.0,53.0,812.0,5.86,54,,2.93,,,1596,,,,,,5.86,1347.0,10281,5.86,17.59,gold,,,,1.0,1.0,1.0
158,76.0,13554.0,882.0,236.0,171.0,85,15.0,11.0,299.0,23292.0,1319.0,15578.0,988.0,316.0,543.0,61.0,363.0,6.97,60,3.99,5.5,0.33,82.0,3428,3.5,2.47,6.2,33.0,0.37,5.18,2958.0,8676,12.78,16.81,gold,,,,,,
159,70.0,18903.0,1132.0,325.0,174.0,70,20.0,13.0,247.0,24765.0,1768.0,18843.0,1070.0,409.0,536.0,60.0,407.0,5.34,53,3.76,7.03,0.13,67.0,3610,3.31,2.23,4.91,23.0,0.35,5.38,3068.0,8990,12.02,15.76,gold,,,,,,
160,71.0,538.0,538.0,2.0,,71,2.0,,3.0,,,187.0,187.0,907.0,,71.0,315.0,5.06,71,,3.37,,12.0,3075,,0.5,,5.0,,13.48,2453.0,9332,6.74,13.48,gold,,,,,,
161,67.0,1004.0,747.0,17.0,17.0,58,10.0,9.0,20.0,2135.0,1060.0,1674.0,1021.0,358.0,762.0,55.0,597.0,7.14,48,6.07,6.07,,118.0,3416,1.43,2.06,6.42,20.0,0.36,5.71,2850.0,8834,11.78,19.98,gold,,,,,,
162,72.0,5783.0,677.0,138.0,66.0,67,16.0,7.0,133.0,9677.0,1486.0,9699.0,1380.0,295.0,493.0,61.0,494.0,6.78,55,3.36,7.04,0.15,54.0,3371,2.75,2.19,4.59,13.0,0.25,5.76,2932.0,8251,12.64,16.21,gold,,,,,,
163,48.0,411.0,411.0,5.0,7.0,43,5.0,7.0,6.0,,,271.0,271.0,497.0,,48.0,328.0,7.26,43,8.47,6.05,,19.0,6719,3.63,2.6,6.05,,,6.05,4637.0,7447,15.73,,gold,,,,,,
164,72.0,46910.0,1016.0,1203.0,506.0,72,22.0,10.0,888.0,80467.0,1520.0,79075.0,1565.0,280.0,481.0,58.0,472.0,5.31,52,3.02,7.19,0.08,58.0,3911,2.65,2.29,4.5,21.0,0.26,5.02,3265.0,9391,11.51,16.09,gold,,,,,,
165,67.0,3375.0,535.0,75.0,44.0,68,14.0,9.0,71.0,4159.0,588.0,3371.0,495.0,337.0,416.0,54.0,337.0,7.1,54,4.4,7.5,0.4,69.0,4577,4.1,4.22,8.59,30.0,0.4,3.7,3555.0,8104,15.59,17.59,gold,,,,,,
166,55.0,965.0,965.0,4.0,2.0,55,3.0,2.0,6.0,,,801.0,657.0,629.0,,55.0,521.0,3.91,47,1.3,2.61,,21.0,2973,1.3,0.89,2.61,,,5.86,1433.0,10671,5.21,,gold,,,,,,
167,85.0,42282.0,1021.0,671.0,367.0,100,15.0,14.0,657.0,48859.0,1819.0,53161.0,1424.0,399.0,461.0,62.0,502.0,6.2,54,3.46,6.33,0.13,68.0,4057,3.38,1.99,5.75,29.0,0.26,6.29,3382.0,8809,12.51,14.6,gold,,,,,,
168,82.0,12483.0,909.0,189.0,161.0,78,11.0,11.0,221.0,22463.0,1194.0,12048.0,864.0,321.0,577.0,65.0,309.0,5.68,63,4.13,4.85,0.18,70.0,3742,3.54,2.18,4.75,28.0,0.23,5.21,2801.0,8837,11.38,15.51,gold,,,,,,
169,67.0,474.0,303.0,13.0,8.0,50,9.0,6.0,7.0,914.0,650.0,993.0,601.0,292.0,562.0,62.0,611.0,4.3,50,4.92,7.99,,80.0,4433,2.46,2.0,6.76,71.0,,6.76,4153.0,6484,13.53,14.76,gold,,,,,,
170,77.0,34667.0,1052.0,546.0,398.0,89,13.0,13.0,513.0,51513.0,1345.0,44262.0,1476.0,313.0,464.0,66.0,399.0,4.62,55,3.59,4.92,0.05,64.0,3357,2.43,2.51,4.79,21.0,0.26,4.16,2747.0,9536,10.46,16.52,gold,,,,,,
171,100.0,3310.0,587.0,61.0,32.0,65,17.0,8.0,60.0,4207.0,1132.0,4758.0,1128.0,337.0,429.0,55.0,485.0,6.12,44,3.26,6.22,0.1,70.0,4353,2.75,1.89,5.61,20.0,0.31,6.22,3264.0,8735,11.72,13.96,gold,,,,,,
172,100.0,9910.0,534.0,161.0,99.0,100,9.0,5.0,162.0,17363.0,1135.0,15647.0,865.0,293.0,514.0,60.0,463.0,4.8,56,2.93,4.77,0.18,52.0,3544,1.75,1.42,3.76,21.0,0.18,6.25,2812.0,10399,8.86,15.7,gold,,,,,,
173,76.0,4416.0,795.0,86.0,25.0,83,20.0,7.0,63.0,6345.0,1641.0,5353.0,1028.0,512.0,735.0,67.0,620.0,7.3,67,2.9,9.96,,93.0,5271,3.01,2.95,7.88,46.0,0.35,4.52,4505.0,13492,13.32,17.03,gold,,,,,,
174,73.0,15195.0,1179.0,283.0,198.0,69,17.0,11.0,306.0,26087.0,1292.0,19610.0,1548.0,326.0,559.0,62.0,420.0,6.56,56,4.24,6.06,0.21,71.0,3772,2.87,2.17,5.42,24.0,0.26,5.66,3151.0,8737,12.26,16.87,gold,,,,,,
175,70.0,805.0,321.0,13.0,10.0,63,6.0,6.0,10.0,2493.0,1284.0,1526.0,636.0,255.0,790.0,63.0,484.0,3.17,57,3.17,4.12,,74.0,2482,1.27,1.31,0.95,24.0,0.32,4.12,1735.0,11177,5.39,15.52,gold,,,,,,
176,64.0,1637.0,668.0,33.0,10.0,57,14.0,4.0,20.0,2698.0,988.0,2436.0,822.0,296.0,487.0,46.0,440.0,3.61,45,1.81,5.96,0.36,88.0,3153,1.45,,4.16,30.0,0.18,6.32,1683.0,9405,6.32,11.2,gold,,,,,,1.0
177,56.0,773.0,773.0,15.0,6.0,47,15.0,6.0,17.0,,,1094.0,1094.0,480.0,,56.0,679.0,10.56,47,3.73,9.32,,101.0,3922,1.86,2.3,4.97,,0.62,6.21,3009.0,8424,14.29,,gold,,,,,,
178,67.0,4693.0,1139.0,50.0,17.0,100,8.0,6.0,54.0,4437.0,1219.0,3261.0,536.0,524.0,496.0,55.0,364.0,6.03,49,1.9,5.59,0.11,73.0,4068,1.56,1.52,4.47,30.0,0.22,6.93,3112.0,8663,10.5,15.31,gold,,,,,,
179,58.0,100.0,100.0,5.0,4.0,36,5.0,4.0,3.0,247.0,247.0,99.0,99.0,123.0,303.0,58.0,122.0,3.68,36,4.9,6.13,,52.0,2833,,0.78,2.45,36.0,,11.04,2833.0,5279,8.58,14.71,gold,,,,,,
180,67.0,509.0,268.0,9.0,,65,7.0,,9.0,559.0,294.0,856.0,534.0,343.0,377.0,67.0,577.0,6.07,61,0.67,6.07,,17.0,2505,2.02,0.75,1.35,4.0,,8.09,1812.0,10653,6.07,5.39,gold,,1.0,1.0,,,
181,67.0,666.0,294.0,9.0,8.0,43,8.0,7.0,10.0,895.0,635.0,650.0,359.0,321.0,431.0,57.0,313.0,4.82,41,3.85,4.33,,91.0,2098,1.93,1.91,6.26,10.0,,5.3,1691.0,8288,10.11,14.93,gold,,,,,,
182,100.0,3419.0,507.0,46.0,27.0,83,7.0,6.0,40.0,4153.0,676.0,2917.0,556.0,363.0,441.0,63.0,310.0,4.25,54,2.87,4.89,,38.0,3472,1.81,1.31,3.29,11.0,0.43,6.48,2784.0,8534,8.5,14.13,gold,,,,,,
183,71.0,5553.0,810.0,123.0,52.0,74,12.0,11.0,96.0,7655.0,896.0,6922.0,679.0,339.0,467.0,58.0,422.0,5.85,50,3.17,7.5,0.18,101.0,3546,2.26,1.68,5.85,31.0,0.18,6.77,3136.0,8136,11.34,17.01,gold,,,,,,
184,71.0,2415.0,698.0,29.0,29.0,54,9.0,9.0,34.0,4313.0,1069.0,2739.0,929.0,378.0,676.0,60.0,429.0,5.33,48,4.54,4.54,,88.0,3145,1.72,2.14,3.92,13.0,0.16,4.54,2779.0,9362,9.71,15.51,gold,,,,,,
185,64.0,4164.0,951.0,48.0,21.0,59,7.0,4.0,40.0,3511.0,577.0,2120.0,426.0,431.0,364.0,52.0,220.0,4.14,46,2.18,4.97,0.1,73.0,3246,1.76,1.55,4.14,30.0,0.1,5.7,2491.0,7928,8.81,12.74,gold,,,,,,
186,65.0,757.0,221.0,32.0,12.0,51,12.0,3.0,27.0,1487.0,500.0,1179.0,601.0,170.0,333.0,49.0,264.0,6.05,49,2.69,7.17,0.22,76.0,3577,1.79,1.54,3.36,24.0,0.67,6.27,2532.0,7307,9.63,15.45,gold,,,,,,
187,63.0,394.0,394.0,4.0,2.0,60,4.0,2.0,,,,939.0,939.0,461.0,,63.0,1100.0,1.17,60,2.34,4.68,,91.0,4936,,0.57,,,,8.19,2439.0,9372,4.68,,gold,1.0,,,,,
188,80.0,32132.0,894.0,557.0,368.0,100,18.0,15.0,572.0,53980.0,1466.0,38145.0,1316.0,323.0,542.0,64.0,383.0,5.75,59,3.7,5.59,0.17,42.0,3504,2.88,2.14,4.26,15.0,0.37,5.22,2781.0,8502,11.2,15.91,gold,,,,,,
189,69.0,1600.0,606.0,30.0,12.0,66,8.0,5.0,27.0,1925.0,537.0,2142.0,564.0,306.0,368.0,61.0,410.0,5.16,54,2.3,5.74,0.19,103.0,3195,3.06,1.59,5.93,23.0,0.38,6.12,2631.0,7992,9.75,11.09,gold,,,,,,
190,64.0,1444.0,722.0,30.0,17.0,59,15.0,11.0,31.0,2291.0,1199.0,1852.0,1229.0,399.0,634.0,58.0,512.0,8.57,55,4.7,8.3,0.28,87.0,4579,3.59,1.91,6.36,23.0,,6.36,3888.0,10641,12.17,15.21,gold,,,,,,
191,49.0,392.0,392.0,3.0,2.0,45,3.0,2.0,5.0,308.0,308.0,263.0,263.0,436.0,343.0,49.0,293.0,5.57,45,2.23,3.34,,57.0,4381,1.11,1.57,5.57,49.0,,7.8,4309.0,5987,12.25,17.82,gold,,,,,,
192,56.0,631.0,631.0,4.0,6.0,54,4.0,6.0,5.0,626.0,626.0,383.0,383.0,509.0,504.0,56.0,308.0,4.03,54,4.83,3.22,,50.0,2038,1.61,,3.22,4.0,,7.25,1982.0,10874,7.25,11.28,gold,,,,,,1.0
193,78.0,10660.0,743.0,172.0,100.0,69,14.0,9.0,158.0,16100.0,1339.0,13174.0,1337.0,378.0,571.0,64.0,467.0,5.6,55,3.54,6.1,0.11,42.0,3785,3.08,2.41,4.96,17.0,0.32,4.96,3381.0,9033,11.98,16.3,gold,,,,,,
194,71.0,3492.0,1231.0,27.0,21.0,74,7.0,9.0,14.0,,,2841.0,772.0,695.0,,63.0,565.0,2.79,55,4.18,5.37,,73.0,3971,2.19,1.36,2.79,,0.8,5.57,2880.0,9368,7.56,,gold,,,,,,
195,63.0,2223.0,558.0,49.0,24.0,56,11.0,6.0,63.0,3043.0,715.0,2784.0,577.0,292.0,399.0,57.0,365.0,8.27,52,3.15,6.43,0.26,104.0,2922,2.62,2.02,6.04,30.0,0.26,6.04,2451.0,9183,12.2,18.11,gold,,,,,,
196,67.0,953.0,953.0,3.0,,47,3.0,,3.0,,,421.0,421.0,1250.0,,67.0,552.0,3.93,47,1.31,3.93,,64.0,3101,2.62,1.33,2.62,,1.31,7.87,1744.0,8457,10.49,,gold,,1.0,1.0,,,
197,70.0,2476.0,1025.0,22.0,13.0,55,8.0,5.0,33.0,1233.0,457.0,1965.0,734.0,489.0,244.0,55.0,388.0,6.52,53,2.57,4.35,0.4,115.0,2645,2.77,1.18,4.74,23.0,0.2,8.69,1921.0,7620,10.27,13.04,gold,,,,,,
198,66.0,2816.0,1062.0,53.0,31.0,63,13.0,13.0,42.0,4468.0,1735.0,3403.0,807.0,373.0,592.0,62.0,451.0,5.56,58,4.11,7.02,0.53,44.0,4713,5.56,2.55,4.5,8.0,0.4,5.83,4158.0,9498,14.83,15.76,gold,,,,,,
199,63.0,5423.0,917.0,65.0,44.0,72,12.0,10.0,60.0,7041.0,1009.0,4192.0,916.0,453.0,588.0,54.0,350.0,5.01,47,3.68,5.43,0.17,84.0,2915,1.59,1.46,6.18,24.0,,6.85,2187.0,8289,10.03,15.96,gold,,,,,,
200,100.0,10954.0,915.0,246.0,107.0,56,21.0,8.0,225.0,16230.0,1784.0,14447.0,1530.0,392.0,581.0,52.0,517.0,8.05,39,3.83,8.8,0.21,93.0,4214,3.4,2.17,7.48,36.0,0.18,6.33,3318.0,8076,13.74,16.88,gold,,,,,,
201,76.0,3681.0,1001.0,61.0,31.0,66,15.0,7.0,48.0,4779.0,1240.0,4442.0,1120.0,469.0,609.0,65.0,566.0,6.12,57,3.95,7.77,0.13,111.0,3513,2.17,2.33,7.01,34.0,0.25,5.73,3347.0,9363,13.38,18.35,gold,,,,,,
202,62.0,500.0,500.0,11.0,9.0,59,11.0,9.0,11.0,791.0,791.0,410.0,410.0,293.0,463.0,62.0,240.0,6.45,59,5.28,6.45,,131.0,4293,1.76,2.44,7.62,12.0,,5.28,3701.0,7354,12.9,15.24,gold,,,,,,
203,70.0,1605.0,362.0,45.0,18.0,58,11.0,4.0,45.0,3666.0,807.0,2872.0,719.0,230.0,526.0,64.0,412.0,6.45,50,2.58,6.45,0.14,70.0,3485,3.59,3.54,6.6,31.0,0.57,3.44,2908.0,10457,12.19,17.5,gold,,,,,,
204,,273.0,273.0,2.0,,62,2.0,,,,,116.0,116.0,759.0,,,322.0,,62,2.78,5.55,,12.0,1426,2.78,0.5,2.78,,,5.55,846.0,14363,2.78,,gold,,1.0,1.0,,,
205,75.0,2380.0,1097.0,38.0,23.0,59,12.0,7.0,40.0,,,3484.0,1002.0,380.0,,64.0,556.0,6.38,50,3.67,6.06,0.32,61.0,4242,2.39,1.94,3.67,,0.48,5.74,2888.0,10107,11.17,,gold,,,,,,
206,67.0,7326.0,778.0,91.0,57.0,55,14.0,7.0,112.0,8783.0,1585.0,8884.0,1366.0,423.0,507.0,52.0,513.0,6.47,43,3.29,5.25,0.17,93.0,3166,2.02,1.74,5.37,30.0,0.23,5.89,2481.0,8949,10.22,17.38,gold,,,,,,
207,69.0,2455.0,313.0,112.0,57.0,90,11.0,9.0,113.0,12835.0,1290.0,6026.0,713.0,108.0,565.0,57.0,265.0,4.97,53,2.51,4.93,0.18,35.0,3302,2.51,2.45,4.35,15.0,0.44,4.35,2801.0,8277,10.69,13.55,gold,,,,,,
208,71.0,3874.0,834.0,64.0,39.0,66,12.0,5.0,66.0,4552.0,861.0,3433.0,645.0,378.0,444.0,64.0,335.0,6.43,56,3.8,6.24,0.29,54.0,4353,4.29,3.29,7.21,21.0,0.68,4.68,4036.0,8647,15.4,17.74,gold,,,,,,
209,74.0,5591.0,895.0,49.0,45.0,67,8.0,12.0,50.0,5405.0,1117.0,7392.0,1130.0,475.0,459.0,62.0,628.0,4.25,57,3.82,4.16,0.08,114.0,1988,1.1,1.17,3.23,39.0,0.25,5.95,1706.0,9490,6.97,13.6,gold,,,,,,
210,92.0,3405.0,543.0,74.0,59.0,62,13.0,12.0,96.0,,,9916.0,1514.0,224.0,,63.0,654.0,6.33,55,3.89,4.88,,45.0,4630,2.24,2.2,4.75,,0.2,5.27,3047.0,10579,11.6,,gold,,,,,,
211,100.0,40627.0,1075.0,593.0,384.0,65,13.0,12.0,544.0,56397.0,1442.0,54061.0,1308.0,350.0,486.0,56.0,466.0,4.69,50,3.31,5.11,0.03,82.0,2506,1.25,1.24,4.28,27.0,0.06,6.52,1965.0,9236,8.12,15.51,gold,,,,,,
212,62.0,4628.0,802.0,90.0,58.0,59,12.0,11.0,77.0,8236.0,1221.0,5602.0,841.0,291.0,519.0,55.0,353.0,4.85,45,3.65,5.67,0.06,45.0,3736,2.46,2.32,3.84,17.0,0.5,4.53,3230.0,8328,10.52,15.12,gold,,,,,,
213,100.0,10577.0,957.0,125.0,106.0,75,16.0,12.0,128.0,15463.0,1058.0,17950.0,1395.0,377.0,551.0,66.0,640.0,4.56,56,3.78,4.45,0.04,70.0,2493,2.0,1.5,3.42,16.0,0.29,5.42,2024.0,11749,8.13,17.53,gold,,,,,,
214,100.0,3487.0,689.0,53.0,27.0,69,14.0,7.0,55.0,,,4325.0,692.0,361.0,,64.0,448.0,5.69,58,2.79,5.49,,34.0,3515,1.45,1.74,3.11,,,7.04,2553.0,8981,12.21,,gold,,,,,,
215,29.0,,,,,53,,,2.0,43.0,43.0,335.0,335.0,,161.0,29.0,1264.0,7.56,53,,3.78,,,5291,7.56,,,,,,4157.0,10192,7.56,,gold,,,,1.0,1.0,
216,100.0,3657.0,576.0,81.0,63.0,75,9.0,7.0,81.0,8449.0,1504.0,5927.0,714.0,214.0,495.0,63.0,347.0,4.75,54,3.69,4.75,0.18,52.0,2583,2.17,2.11,3.75,13.0,0.23,4.28,2061.0,10142,9.03,15.3,gold,,,,,,
217,55.0,897.0,500.0,28.0,23.0,52,10.0,8.0,16.0,2804.0,1021.0,2241.0,807.0,209.0,655.0,54.0,523.0,3.74,45,5.37,6.54,,37.0,3069,1.87,1.65,3.5,7.0,,5.37,2615.0,8526,8.87,14.01,gold,,,,,,
218,67.0,100.0,100.0,,,48,,,,,,14.0,14.0,486.0,,67.0,68.09,,48,,,,15.0,2724,,,,15.0,,14.59,1970.0,3510,,14.59,gold,,,,,,
219,71.0,1054.0,273.0,24.0,7.0,64,9.0,3.0,22.0,1659.0,445.0,2426.0,1178.0,261.0,410.0,66.0,600.0,5.44,57,1.73,5.94,0.25,87.0,2760,0.25,0.97,2.97,29.0,,7.67,2591.0,8805,7.42,12.86,gold,,,,,,
220,57.0,1695.0,385.0,58.0,21.0,58,13.0,4.0,59.0,3562.0,661.0,2064.0,624.0,261.0,549.0,51.0,318.0,9.09,50,3.24,8.94,0.31,73.0,4689,4.31,5.0,8.32,37.0,0.31,3.39,3847.0,7330,16.95,20.64,gold,,,,,,
221,73.0,5847.0,1359.0,116.0,106.0,80,20.0,15.0,80.0,13571.0,1550.0,10057.0,1293.0,279.0,647.0,66.0,480.0,3.82,64,5.06,5.53,0.1,60.0,3851,1.72,1.79,4.29,23.0,0.05,5.06,3075.0,10732,9.06,15.98,gold,,,,,,
222,74.0,45815.0,1063.0,842.0,457.0,72,15.0,13.0,866.0,59573.0,1350.0,77463.0,1814.0,336.0,436.0,59.0,567.0,6.34,51,3.35,6.17,0.19,60.0,3967,3.02,2.74,5.54,26.0,0.31,4.51,3231.0,8861,12.36,15.83,gold,,,,,,
223,61.0,2247.0,701.0,28.0,12.0,61,13.0,6.0,31.0,1323.0,696.0,1260.0,588.0,594.0,350.0,57.0,333.0,8.19,56,3.17,7.4,0.26,114.0,3311,2.11,2.0,5.55,29.0,0.26,5.81,2508.0,8588,11.63,18.5,gold,,,,,,
224,100.0,2952.0,750.0,38.0,28.0,64,7.0,10.0,44.0,4373.0,1350.0,1755.0,369.0,404.0,598.0,59.0,240.0,6.02,54,3.83,5.2,0.27,69.0,3701,2.74,1.88,6.43,38.0,,5.88,2508.0,8932,11.08,15.59,gold,,,,,,
225,70.0,3404.0,569.0,65.0,54.0,74,9.0,10.0,93.0,8126.0,1348.0,6536.0,821.0,222.0,530.0,65.0,426.0,6.07,60,3.52,4.24,0.07,63.0,2943,1.96,1.78,3.85,17.0,0.26,5.55,2045.0,8741,9.85,15.66,gold,,,,,,
226,60.0,6490.0,1091.0,50.0,40.0,62,12.0,11.0,96.0,5662.0,1192.0,4833.0,1082.0,537.0,469.0,57.0,400.0,7.95,53,3.31,4.14,0.33,81.0,3864,3.15,2.55,5.71,14.0,0.41,4.97,2919.0,10254,12.67,16.56,gold,,,,,,
227,100.0,1319.0,631.0,10.0,2.0,200,5.0,,10.0,320.0,169.0,500.0,301.0,559.0,136.0,53.0,212.0,4.23,47,0.85,4.23,0.85,156.0,2508,3.81,1.17,3.39,24.0,0.85,7.62,2118.0,7690,8.89,10.58,gold,,,1.0,,,
228,73.0,47349.0,1653.0,574.0,387.0,58,18.0,16.0,501.0,,,50039.0,2028.0,509.0,,56.0,538.0,5.39,49,4.16,6.17,0.06,75.0,4107,2.03,1.82,5.12,,0.12,6.03,2721.0,9926,10.96,,gold,,,,,,
229,100.0,21339.0,1025.0,311.0,200.0,66,14.0,11.0,244.0,25735.0,1714.0,26624.0,1171.0,385.0,464.0,61.0,480.0,4.4,54,3.61,5.61,0.07,78.0,2732,1.88,1.35,4.83,23.0,0.09,6.71,2261.0,9911,9.09,15.54,gold,,,,,,
230,63.0,2193.0,939.0,35.0,32.0,63,9.0,10.0,40.0,2857.0,643.0,2257.0,573.0,320.0,417.0,54.0,329.0,5.83,54,4.67,5.1,0.44,61.0,2714,3.06,2.03,4.52,13.0,,4.67,2163.0,7381,9.48,17.06,gold,,,,,,
231,76.0,103.0,103.0,6.0,3.0,70,6.0,3.0,3.0,686.0,686.0,769.0,769.0,181.0,1203.0,76.0,1348.0,5.26,70,5.26,10.52,,72.0,4454,5.26,1.4,8.76,66.0,1.75,8.76,4454.0,15077,12.27,12.27,plat,,,,,,
232,72.0,2896.0,627.0,70.0,43.0,55,11.0,7.0,72.0,5789.0,1073.0,6507.0,1358.0,278.0,555.0,58.0,624.0,6.9,49,4.12,6.71,,65.0,3852,4.03,2.42,6.62,16.0,0.48,5.66,3323.0,8972,13.71,16.39,plat,,,,,,
233,53.0,1188.0,862.0,16.0,4.0,68,6.0,2.0,20.0,634.0,223.0,1481.0,754.0,404.0,215.0,49.0,503.0,6.79,55,1.36,5.44,0.34,172.0,2935,3.4,1.5,5.1,41.0,,7.47,2222.0,7069,11.21,14.61,plat,,,,,,
234,62.0,548.0,548.0,6.0,7.0,53,6.0,7.0,8.0,692.0,692.0,799.0,799.0,320.0,404.0,63.0,466.0,4.67,53,4.09,3.5,,71.0,2571,2.34,1.42,5.84,12.0,,7.01,2565.0,9652,9.92,14.01,plat,,,,,,
235,100.0,5508.0,545.0,115.0,74.0,68,12.0,8.0,100.0,10746.0,1158.0,7049.0,656.0,253.0,494.0,61.0,324.0,4.6,51,3.41,5.29,,74.0,2543,1.7,1.5,3.82,19.0,,5.43,2147.0,8939,8.14,15.23,plat,,,,,,
236,80.0,3442.0,742.0,39.0,17.0,62,10.0,5.0,21.0,2694.0,791.0,3041.0,1107.0,583.0,456.0,55.0,515.0,3.56,49,2.88,6.61,,77.0,2815,2.88,1.35,4.74,35.0,0.17,6.78,2675.0,8268,9.15,12.7,plat,,,,,,
237,68.0,1532.0,628.0,32.0,21.0,57,9.0,7.0,34.0,2994.0,1100.0,2688.0,786.0,267.0,523.0,62.0,469.0,5.94,49,3.67,5.59,,51.0,2641,1.92,1.5,4.19,8.0,0.17,5.94,2147.0,9003,8.9,14.84,plat,,,,,,
238,78.0,1744.0,531.0,50.0,23.0,77,11.0,6.0,38.0,2843.0,604.0,3422.0,807.0,251.0,409.0,65.0,492.0,5.47,59,3.31,7.19,0.14,66.0,3533,1.58,2.29,5.18,18.0,,5.04,2871.0,10177,11.51,17.98,plat,,,,,,
239,62.0,500.0,500.0,5.0,4.0,49,5.0,4.0,7.0,283.0,283.0,499.0,499.0,531.0,300.0,63.0,530.0,7.43,49,4.25,5.31,,7.0,3168,1.06,2.4,3.18,2.0,,5.31,2740.0,9512,12.74,16.99,plat,,,,,,
240,79.0,1706.0,503.0,34.0,21.0,65,8.0,6.0,49.0,2740.0,682.0,2779.0,726.0,317.0,509.0,63.0,516.0,9.1,54,3.9,6.32,0.19,72.0,3117,2.42,3.53,7.25,32.0,,3.53,2181.0,9236,12.45,20.25,plat,,,,,,
241,58.0,647.0,421.0,8.0,9.0,52,6.0,7.0,13.0,924.0,507.0,474.0,296.0,293.0,419.0,56.0,215.0,5.9,52,4.08,3.63,,91.0,2708,2.72,1.5,5.44,54.0,0.45,7.26,2238.0,6685,10.89,19.05,plat,,,,,,
242,77.0,3861.0,884.0,64.0,35.0,63,26.0,8.0,46.0,4190.0,1068.0,4631.0,1283.0,478.0,519.0,64.0,573.0,5.7,49,4.33,7.92,,119.0,2468,1.24,1.62,4.09,32.0,0.12,5.82,2007.0,8796,9.41,18.2,plat,,,,,,
243,57.0,113.0,113.0,4.0,2.0,35,4.0,2.0,4.0,221.0,221.0,583.0,583.0,145.0,284.0,59.0,746.0,5.12,35,2.56,5.12,,13.0,3023,,0.86,1.28,13.0,,8.96,3023.0,7001,7.68,17.93,plat,,,,,,
244,67.0,587.0,287.0,6.0,6.0,53,3.0,5.0,6.0,865.0,582.0,772.0,481.0,278.0,410.0,57.0,366.0,2.84,51,2.84,2.84,,113.0,2226,1.9,1.5,3.32,11.0,0.47,4.74,1709.0,9911,7.11,11.37,plat,,,,,,
245,54.0,1443.0,490.0,23.0,15.0,48,10.0,5.0,21.0,1840.0,649.0,790.0,283.0,422.0,539.0,51.0,231.0,6.15,45,4.39,6.73,,84.0,3263,3.51,1.74,4.39,18.0,0.29,6.73,3102.0,7508,11.71,16.1,plat,,,,,,
246,77.0,2695.0,716.0,62.0,30.0,74,15.0,9.0,60.0,4136.0,725.0,3757.0,1113.0,269.0,412.0,66.0,374.0,5.98,63,2.99,6.18,,64.0,4587,2.89,1.95,5.78,17.0,0.5,6.28,3558.0,8151,12.26,15.35,plat,,,,,,
247,65.0,707.0,352.0,26.0,10.0,70,14.0,8.0,28.0,1511.0,830.0,1314.0,539.0,188.0,402.0,60.0,349.0,7.44,54,2.66,6.91,,72.0,4114,3.46,1.37,6.65,20.0,0.27,9.31,3944.0,7077,12.76,12.76,plat,,,,,,
248,63.0,542.0,477.0,9.0,4.0,69,7.0,4.0,14.0,265.0,181.0,436.0,352.0,314.0,154.0,59.0,252.0,8.12,57,2.32,5.22,1.16,76.0,4520,8.69,6.0,9.27,22.0,,4.06,4046.0,7804,24.35,20.87,plat,,,,,,
249,71.0,1273.0,364.0,39.0,27.0,64,12.0,11.0,36.0,3014.0,1248.0,3243.0,1028.0,202.0,479.0,67.0,515.0,5.72,59,4.29,6.2,0.32,48.0,4550,3.02,3.13,6.04,9.0,0.79,3.81,3301.0,10552,11.92,20.5,plat,,,,,,
250,73.0,12864.0,900.0,196.0,104.0,73,12.0,8.0,155.0,14454.0,906.0,11032.0,777.0,428.0,481.0,58.0,367.0,5.16,55,3.46,6.53,0.13,78.0,3667,2.76,1.39,4.53,30.0,0.23,7.72,3120.0,8341,10.72,13.72,plat,,,,,,
251,77.0,34667.0,1052.0,546.0,398.0,89,13.0,13.0,513.0,51513.0,1345.0,44262.0,1476.0,313.0,464.0,66.0,399.0,4.62,55,3.59,4.92,0.05,64.0,3357,2.43,2.51,4.79,21.0,0.26,4.16,2747.0,9536,10.46,16.52,plat,,,,,,
252,62.0,416.0,304.0,10.0,11.0,60,5.0,6.0,12.0,1206.0,780.0,1026.0,544.0,210.0,610.0,61.0,519.0,6.07,59,5.57,5.06,,53.0,2171,3.04,2.44,5.57,20.0,0.51,4.56,2041.0,10371,11.14,28.85,plat,,,,,,
253,77.0,1712.0,668.0,22.0,14.0,69,10.0,6.0,22.0,2675.0,1146.0,1986.0,697.0,371.0,580.0,63.0,431.0,4.77,64,3.04,4.77,,65.0,4070,3.04,1.27,4.56,13.0,0.22,7.16,3010.0,9031,9.11,12.15,plat,,,,,,
254,58.0,214.0,214.0,8.0,3.0,48,8.0,3.0,3.0,760.0,760.0,470.0,284.0,157.0,559.0,58.0,346.0,2.21,47,2.21,5.89,,13.0,1904,1.47,0.46,,12.0,,9.56,1172.0,6418,4.41,9.56,plat,,,,,,
255,64.0,1444.0,306.0,50.0,20.0,59,13.0,9.0,45.0,3696.0,987.0,3440.0,941.0,183.0,468.0,57.0,435.0,5.69,51,2.53,6.33,0.13,85.0,4089,2.02,1.78,4.18,41.0,,6.33,3444.0,8077,11.26,13.67,plat,,,,,,
256,70.0,2750.0,627.0,54.0,35.0,66,12.0,12.0,52.0,4412.0,811.0,5314.0,950.0,294.0,473.0,63.0,569.0,5.57,57,3.75,5.78,0.21,37.0,3112,1.71,2.5,3.86,8.0,0.11,3.86,2224.0,9680,9.64,18.53,plat,,,,,,
257,64.0,2572.0,782.0,53.0,25.0,64,9.0,7.0,51.0,3698.0,765.0,4467.0,1084.0,299.0,430.0,56.0,520.0,5.93,53,2.91,6.16,0.12,72.0,4146,2.56,1.53,3.37,32.0,0.12,6.4,2900.0,8345,9.77,12.91,plat,,,,,,
258,100.0,28620.0,970.0,476.0,290.0,71,17.0,12.0,469.0,40363.0,1729.0,50476.0,2130.0,351.0,495.0,59.0,619.0,5.75,52,3.55,5.83,0.06,64.0,3023,2.28,1.57,4.14,20.0,0.15,6.3,2653.0,9707,9.88,16.21,plat,,,,,,
259,64.0,1602.0,360.0,31.0,26.0,69,5.0,6.0,39.0,3571.0,1026.0,2609.0,681.0,236.0,527.0,58.0,385.0,5.76,52,3.84,4.58,0.3,99.0,3647,2.51,2.57,5.76,36.0,0.15,4.13,2955.0,8708,10.63,15.8,plat,,,,,,
260,63.0,2023.0,990.0,11.0,13.0,56,5.0,7.0,14.0,1895.0,812.0,1681.0,755.0,503.0,472.0,62.0,418.0,3.48,52,3.23,2.74,0.5,50.0,2347,2.49,1.4,2.49,18.0,0.25,6.22,2314.0,9424,8.71,10.95,plat,,,,,,
261,85.0,8298.0,600.0,164.0,114.0,87,10.0,13.0,141.0,13992.0,1369.0,10140.0,761.0,272.0,459.0,62.0,332.0,4.62,57,3.74,5.38,0.03,61.0,3974,2.0,2.37,3.97,20.0,0.23,4.13,3441.0,8624,9.77,14.79,plat,,,,,,
262,72.0,3231.0,632.0,78.0,54.0,68,10.0,10.0,84.0,10394.0,1077.0,6733.0,905.0,208.0,669.0,63.0,433.0,5.41,59,3.47,5.02,0.06,63.0,3493,2.45,2.41,4.5,17.0,0.13,4.5,2660.0,10803,10.87,16.34,plat,,,,,,
263,72.0,46910.0,1016.0,1203.0,506.0,72,22.0,10.0,888.0,80467.0,1520.0,79075.0,1565.0,280.0,481.0,58.0,472.0,5.31,52,3.02,7.19,0.08,58.0,3911,2.65,2.29,4.5,21.0,0.26,5.02,3265.0,9391,11.51,16.09,plat,,,,,,
264,68.0,2100.0,679.0,46.0,18.0,94,10.0,5.0,46.0,3377.0,1435.0,1524.0,397.0,305.0,491.0,45.0,222.0,6.69,42,2.62,6.69,,75.0,3711,2.33,1.31,6.69,25.0,0.29,7.85,2783.0,6451,10.32,14.54,plat,,,,,,
265,100.0,8766.0,1022.0,174.0,101.0,71,13.0,12.0,129.0,,,16030.0,1895.0,344.0,,64.0,630.0,5.07,61,3.97,6.84,0.12,72.0,3702,2.55,2.66,5.03,,0.28,4.56,2628.0,9539,12.1,,plat,,,,,,
266,62.0,325.0,325.0,8.0,3.0,53,8.0,3.0,7.0,359.0,359.0,580.0,580.0,262.0,289.0,62.0,467.0,5.64,53,2.42,6.44,,96.0,2925,1.61,1.67,4.03,13.0,0.81,4.83,1741.0,9861,8.05,14.49,plat,,,,,,
267,60.0,,,5.0,2.0,36,5.0,2.0,2.0,315.0,315.0,274.0,274.0,,529.0,60.0,460.0,3.36,36,3.36,8.4,1.68,,3191,1.68,0.67,,,,10.08,2295.0,5668,6.72,10.08,plat,,,,,,
268,76.0,5307.0,662.0,96.0,67.0,77,10.0,6.0,107.0,9347.0,698.0,6833.0,1005.0,278.0,490.0,58.0,359.0,5.61,52,3.52,5.04,0.05,39.0,3109,1.94,2.12,4.04,15.0,0.16,5.14,2760.0,8813,10.91,17.05,plat,,,,,,
269,75.0,6785.0,866.0,189.0,84.0,61,14.0,8.0,132.0,15049.0,1336.0,16318.0,1456.0,260.0,576.0,60.0,625.0,5.05,55,3.22,7.24,0.23,58.0,3089,2.22,1.74,3.52,25.0,0.23,5.36,2472.0,9181,9.34,15.5,plat,,,,,,
270,63.0,2675.0,731.0,49.0,33.0,61,11.0,8.0,64.0,3899.0,828.0,4104.0,920.0,270.0,393.0,54.0,414.0,6.46,53,3.33,4.95,0.4,57.0,3629,3.13,1.57,3.94,19.0,0.2,7.06,2921.0,8134,11.1,15.84,plat,,,,,,
271,73.0,15195.0,1179.0,283.0,198.0,69,17.0,11.0,306.0,26087.0,1292.0,19610.0,1548.0,326.0,559.0,62.0,420.0,6.56,56,4.24,6.06,0.21,71.0,3772,2.87,2.17,5.42,24.0,0.26,5.66,3151.0,8737,12.26,16.87,plat,,,,,,
272,64.0,251.0,251.0,8.0,3.0,58,8.0,3.0,2.0,998.0,998.0,342.0,342.0,247.0,981.0,64.0,336.0,1.96,58,2.95,7.86,,7.0,2793,0.98,1.33,3.93,7.0,,5.89,2570.0,9456,7.86,10.81,plat,,,,,,
273,75.0,2204.0,374.0,85.0,43.0,66,14.0,12.0,79.0,4632.0,930.0,6362.0,1193.0,186.0,391.0,66.0,537.0,6.67,59,3.63,7.18,0.25,52.0,3383,2.2,2.09,6.08,16.0,0.17,5.91,2938.0,9659,12.33,17.82,plat,,,,,,
274,74.0,150.0,150.0,9.0,,48,9.0,,2.0,316.0,316.0,575.0,575.0,252.0,531.0,75.0,967.0,3.36,48,1.68,15.13,,9.0,2700,1.68,1.2,6.72,9.0,,8.4,2636.0,10029,10.08,18.49,plat,,1.0,1.0,,,
275,77.0,3075.0,571.0,52.0,34.0,71,10.0,10.0,56.0,5266.0,1386.0,2881.0,931.0,396.0,679.0,60.0,371.0,7.22,59,4.38,6.7,0.13,68.0,2954,3.22,1.6,4.64,14.0,0.13,7.09,2247.0,8959,11.34,15.47,plat,,,,,,
276,56.0,72.0,72.0,2.0,,49,2.0,,2.0,39.0,39.0,3.0,3.0,218.0,117.0,56.0,7.81,6.1,49,3.05,6.1,,31.0,5709,,1.33,6.1,31.0,,9.15,3585.0,6875,12.2,15.25,plat,,1.0,1.0,,,
277,63.0,1976.0,623.0,39.0,20.0,67,12.0,8.0,32.0,2734.0,652.0,4528.0,1404.0,326.0,452.0,54.0,748.0,5.28,54,3.3,6.44,0.17,58.0,4002,2.15,1.88,3.8,21.0,0.33,5.62,3200.0,9708,10.57,15.36,plat,,,,,,
278,65.0,1501.0,429.0,18.0,20.0,67,5.0,8.0,26.0,2473.0,667.0,1660.0,563.0,315.0,519.0,57.0,349.0,5.46,60,4.2,3.78,,56.0,3041,2.1,1.55,4.2,15.0,0.42,6.93,2503.0,9103,10.71,14.91,plat,,,,,,
279,78.0,5160.0,470.0,120.0,86.0,100,13.0,10.0,140.0,13037.0,1188.0,8235.0,899.0,259.0,654.0,65.0,413.0,7.02,56,4.31,6.02,,65.0,3628,2.31,1.78,5.62,18.0,0.3,6.47,2927.0,9554,11.53,17.3,plat,,,,,,
280,56.0,784.0,510.0,10.0,8.0,46,5.0,3.0,6.0,1148.0,446.0,1418.0,530.0,271.0,396.0,49.0,490.0,2.07,43,2.76,3.45,,55.0,3041,1.38,0.88,1.73,18.0,,5.87,2736.0,8637,5.18,10.35,plat,,,,,,
281,76.0,2012.0,519.0,49.0,28.0,71,9.0,7.0,43.0,4243.0,1113.0,3659.0,1011.0,246.0,519.0,59.0,448.0,5.26,50,3.42,5.99,,99.0,3721,1.83,1.42,4.4,21.0,0.12,6.36,3189.0,8587,9.05,14.56,plat,,,,,,
282,68.0,11009.0,1105.0,96.0,78.0,64,12.0,9.0,79.0,8461.0,1253.0,14619.0,2106.0,521.0,400.0,63.0,692.0,3.74,56,3.69,4.54,0.09,62.0,3079,2.08,1.92,4.4,14.0,0.24,4.92,2428.0,10589,9.46,15.85,plat,,,,,,
283,100.0,11511.0,558.0,302.0,206.0,80,13.0,12.0,329.0,32347.0,1916.0,26678.0,1368.0,206.0,578.0,55.0,477.0,5.88,50,3.68,5.39,0.02,67.0,3095,1.64,1.78,3.8,16.0,0.09,5.25,2356.0,10211,9.34,17.26,plat,,,,,,
284,66.0,7802.0,715.0,90.0,46.0,71,11.0,7.0,88.0,6590.0,1139.0,6508.0,873.0,490.0,413.0,57.0,408.0,5.52,54,2.89,5.65,0.06,63.0,3339,3.33,1.88,5.4,33.0,0.44,6.53,2742.0,9016,12.23,15.56,plat,,,,,,
285,58.0,167.0,167.0,4.0,6.0,53,4.0,6.0,6.0,531.0,531.0,145.0,145.0,227.0,721.0,58.0,196.0,8.15,53,8.15,5.43,,61.0,4133,5.43,2.0,5.43,2.0,,6.79,4031.0,6147,13.58,20.37,plat,,,,,,
286,80.0,60179.0,1536.0,1035.0,588.0,66,17.0,11.0,841.0,89433.0,1832.0,87058.0,2058.0,336.0,499.0,54.0,486.0,4.69,49,3.28,5.77,0.12,79.0,2968,1.59,1.43,4.04,27.0,0.13,6.22,2321.0,9400,8.93,15.98,plat,,,,,,
287,64.0,348.0,205.0,8.0,11.0,61,5.0,8.0,11.0,1441.0,1092.0,971.0,583.0,154.0,638.0,62.0,430.0,4.87,58,4.87,3.54,,30.0,2362,1.77,1.46,5.32,22.0,,5.76,1358.0,9174,8.42,20.82,plat,,,,,,
288,64.0,251.0,251.0,4.0,7.0,58,4.0,7.0,6.0,,,888.0,888.0,223.0,,64.0,790.0,5.34,58,6.22,3.56,,113.0,4144,,2.0,2.67,,,4.45,2532.0,8005,8.89,,plat,,,,,,
289,79.0,21996.0,1000.0,469.0,247.0,65,17.0,9.0,425.0,36585.0,1353.0,33672.0,1109.0,280.0,465.0,62.0,428.0,5.4,56,3.14,5.96,0.04,78.0,2807,2.25,1.58,4.65,26.0,0.17,6.19,2303.0,9008,9.77,15.56,plat,,,,,,
290,64.0,450.0,450.0,6.0,7.0,45,6.0,7.0,8.0,426.0,426.0,235.0,235.0,548.0,519.0,65.0,286.0,9.75,45,8.53,7.31,1.22,35.0,4049,3.65,2.83,12.18,27.0,1.22,7.31,4013.0,5619,20.71,28.02,plat,,,,,,
291,40.0,337.0,337.0,7.0,3.0,54,7.0,3.0,10.0,545.0,545.0,372.0,372.0,313.0,506.0,40.0,345.0,9.28,54,2.78,6.49,,95.0,3436,,4.33,7.42,13.0,,2.78,3359.0,10578,12.06,19.48,plat,,,,,,
292,66.0,2897.0,738.0,39.0,22.0,63,9.0,5.0,42.0,3188.0,523.0,3085.0,850.0,438.0,482.0,57.0,466.0,6.35,53,3.33,5.9,0.15,58.0,3609,2.27,1.86,4.38,17.0,0.15,6.65,2831.0,8785,12.4,20.41,plat,,,,,,
293,66.0,3715.0,802.0,49.0,30.0,70,11.0,6.0,55.0,4071.0,798.0,3456.0,669.0,360.0,395.0,56.0,335.0,5.34,54,2.91,4.75,,90.0,2981,1.84,1.27,5.14,41.0,0.1,8.05,2265.0,7808,10.19,14.65,plat,,,,,,
294,56.0,960.0,774.0,16.0,5.0,70,11.0,3.0,16.0,847.0,449.0,1076.0,585.0,384.0,338.0,52.0,430.0,6.39,53,2.0,6.39,0.4,78.0,3992,3.2,2.69,6.79,14.0,,5.19,2770.0,7954,13.98,17.98,plat,,,,,,
295,80.0,4102.0,672.0,70.0,56.0,61,9.0,12.0,96.0,8000.0,1036.0,4169.0,595.0,306.0,597.0,61.0,311.0,7.16,51,4.18,5.22,,83.0,3252,2.76,2.14,3.8,19.0,0.37,5.52,2826.0,7986,11.79,17.53,plat,,,,,,
296,61.0,2561.0,703.0,43.0,16.0,57,7.0,7.0,40.0,3045.0,1055.0,3095.0,1072.0,410.0,487.0,55.0,495.0,6.4,48,2.56,6.88,0.64,43.0,3817,3.84,2.33,5.12,29.0,0.16,4.8,3515.0,9055,11.21,14.41,plat,,,,,,
297,71.0,972.0,313.0,17.0,16.0,63,8.0,8.0,12.0,1645.0,867.0,1311.0,534.0,401.0,679.0,57.0,541.0,4.96,51,6.61,7.02,0.41,81.0,3193,2.89,1.71,3.72,45.0,0.83,5.78,2712.0,11702,9.91,15.69,plat,,,,,,
298,38.0,400.0,400.0,6.0,,32,6.0,,,160.0,160.0,20.0,20.0,580.0,232.0,38.0,28.55,1.45,32,1.45,8.7,,12.0,1945,,0.38,,8.0,,11.6,1945.0,3714,4.35,8.7,plat,1.0,1.0,1.0,,,
299,75.0,1171.0,817.0,30.0,9.0,63,12.0,3.0,19.0,,,2109.0,767.0,261.0,,69.0,470.0,4.23,56,2.0,6.68,,62.0,2782,1.78,1.62,4.68,,,5.79,1696.0,8107,9.35,,plat,,,,,,
300,100.0,4180.0,753.0,78.0,37.0,54,13.0,7.0,72.0,7159.0,1170.0,6525.0,1015.0,344.0,589.0,58.0,537.0,5.92,46,3.04,6.41,0.08,43.0,3485,1.97,2.18,5.18,16.0,0.08,4.93,2684.0,9482,10.77,15.46,plat,,,,,,
301,76.0,4309.0,1149.0,56.0,28.0,69,16.0,6.0,46.0,,,5073.0,1222.0,536.0,,59.0,631.0,5.72,50,3.48,6.97,,60.0,3512,1.24,1.3,3.73,,0.12,6.97,2365.0,9289,9.09,,plat,,,,,,
302,64.0,1567.0,733.0,46.0,24.0,72,18.0,9.0,37.0,2854.0,1067.0,2714.0,963.0,302.0,550.0,60.0,523.0,7.12,63,4.62,8.86,,88.0,4195,5.01,4.16,7.12,14.0,0.58,3.66,3614.0,10200,15.21,17.33,plat,,,,,,
303,100.0,2726.0,400.0,79.0,42.0,76,14.0,5.0,67.0,6142.0,809.0,7045.0,761.0,213.0,481.0,67.0,551.0,5.24,59,3.29,6.18,0.08,61.0,3116,2.27,1.64,4.62,25.0,0.16,6.34,2837.0,8136,10.41,14.48,plat,,,,,,
304,74.0,830.0,240.0,17.0,8.0,63,6.0,3.0,18.0,1191.0,504.0,1911.0,702.0,249.0,358.0,66.0,574.0,5.41,59,2.4,5.11,0.6,55.0,2408,2.4,2.5,4.51,50.0,0.3,4.21,2271.0,11403,10.51,22.23,plat,,,,,,
305,67.0,88.0,88.0,4.0,,43,4.0,,,50.0,50.0,260.0,260.0,132.0,75.34,67.0,392.0,1.51,43,1.51,6.02,,148.0,3559,,0.5,,10.0,,6.02,2121.0,6985,3.01,9.03,plat,1.0,1.0,1.0,,,
306,71.0,413.0,242.0,11.0,2.0,56,7.0,2.0,12.0,,,858.0,564.0,226.0,,67.0,471.0,6.58,54,1.1,6.03,,30.0,4015,2.19,1.4,3.29,,0.55,8.23,2611.0,9016,11.52,,plat,,,,,,
307,56.0,315.0,315.0,9.0,7.0,51,9.0,7.0,11.0,770.0,770.0,325.0,325.0,231.0,564.0,56.0,238.0,8.06,51,5.13,6.59,,40.0,2459,4.39,2.0,7.32,30.0,,7.32,2459.0,7695,14.65,23.44,plat,,,,,,
308,90.0,13687.0,805.0,268.0,159.0,76,13.0,9.0,212.0,23791.0,1159.0,20265.0,1101.0,312.0,542.0,67.0,462.0,4.83,58,3.63,6.11,0.07,64.0,3691,2.17,1.39,3.58,16.0,0.16,6.89,2900.0,9491,9.55,16.37,dia,,,,,,
309,77.0,965.0,487.0,12.0,5.0,72,5.0,3.0,5.0,1103.0,598.0,769.0,488.0,399.0,456.0,64.0,317.0,2.06,52,2.06,4.96,0.41,54.0,2775,2.48,0.88,3.3,17.0,,7.02,2057.0,8492,6.19,9.09,dia,,,,,,
310,100.0,4983.0,816.0,73.0,49.0,69,22.0,13.0,58.0,6765.0,1674.0,5035.0,1142.0,449.0,609.0,60.0,453.0,5.22,50,4.41,6.57,0.27,106.0,3572,3.6,2.41,5.4,15.0,0.36,4.86,2739.0,8773,11.71,15.4,dia,,,,,,
311,67.0,1379.0,765.0,24.0,20.0,63,16.0,14.0,30.0,,,2646.0,1717.0,450.0,,62.0,865.0,9.8,61,6.53,7.84,,143.0,5113,5.55,3.76,11.44,,0.33,5.55,3546.0,8895,20.91,,dia,,,,,,
312,74.0,11587.0,649.0,192.0,123.0,120,10.0,9.0,167.0,19126.0,818.0,10848.0,925.0,290.0,478.0,59.0,271.0,4.17,54,3.07,4.8,0.07,56.0,3705,2.7,1.52,3.37,21.0,0.15,6.17,2632.0,8286,9.4,15.0,dia,,,,,,
313,77.0,1880.0,783.0,48.0,23.0,55,11.0,8.0,40.0,,,3124.0,1716.0,393.0,,67.0,653.0,8.36,52,4.81,10.03,0.21,98.0,5539,4.39,3.39,8.36,,,4.81,3710.0,8836,16.3,,dia,,,,,,
314,83.0,7409.0,500.0,183.0,104.0,61,17.0,9.0,172.0,13211.0,950.0,14688.0,1253.0,251.0,447.0,62.0,497.0,5.82,52,3.52,6.19,0.14,69.0,3419,2.27,1.89,4.53,29.0,0.27,5.82,3121.0,9693,11.0,17.02,dia,,,,,,
315,79.0,13903.0,946.0,178.0,95.0,73,12.0,10.0,147.0,13352.0,783.0,11043.0,723.0,425.0,408.0,65.0,338.0,4.5,57,2.91,5.45,0.12,84.0,3437,2.78,1.86,4.99,30.0,0.24,5.41,2966.0,9557,10.06,14.87,dia,,,,,,
316,70.0,1400.0,587.0,26.0,10.0,65,12.0,6.0,31.0,982.0,470.0,1416.0,840.0,465.0,326.0,61.0,470.0,10.3,57,3.32,8.64,0.66,48.0,4986,1.99,4.8,5.98,22.0,0.33,3.32,3589.0,9564,15.95,21.6,dia,,,,,,
317,53.0,,,,,54,,,2.0,133.0,133.0,277.0,277.0,,388.0,53.0,812.0,5.86,54,,2.93,,,1596,,,,,,5.86,1347.0,10281,5.86,17.59,dia,,,,1.0,1.0,1.0
318,66.0,781.0,443.0,22.0,10.0,58,11.0,4.0,12.0,1639.0,672.0,721.0,443.0,327.0,686.0,61.0,302.0,5.02,56,4.19,9.21,,20.0,3839,1.67,2.64,3.77,15.0,,4.61,2986.0,9244,12.14,17.17,dia,,,,,,
319,66.0,639.0,339.0,6.0,5.0,100,3.0,3.0,,626.0,445.0,334.0,194.0,440.0,431.0,62.0,230.0,0.69,67,3.44,4.13,,115.0,2642,0.69,0.67,1.38,7.0,,6.2,2273.0,7228,4.13,14.46,dia,1.0,,,,,
320,75.0,1868.0,523.0,35.0,12.0,59,8.0,5.0,28.0,1946.0,530.0,1507.0,499.0,515.0,537.0,56.0,415.0,7.72,56,3.31,9.65,0.28,125.0,4892,3.86,2.32,8.27,38.0,0.28,6.89,4587.0,8895,15.99,17.64,dia,,,,,,
321,71.0,538.0,538.0,2.0,,71,2.0,,3.0,,,187.0,187.0,907.0,,71.0,315.0,5.06,71,,3.37,,12.0,3075,,0.5,,5.0,,13.48,2453.0,9332,6.74,13.48,dia,,,,,,
322,64.0,2463.0,664.0,45.0,14.0,65,12.0,3.0,42.0,2393.0,541.0,2772.0,534.0,418.0,406.0,58.0,471.0,7.13,58,2.38,7.64,0.17,78.0,5202,4.24,2.61,5.43,16.0,0.17,5.26,3852.0,8555,13.75,13.24,dia,,,,,,
323,64.0,3709.0,711.0,78.0,51.0,68,12.0,12.0,75.0,6391.0,870.0,5195.0,1032.0,301.0,519.0,60.0,422.0,6.09,53,4.14,6.33,0.24,57.0,3607,3.25,2.34,4.79,16.0,0.49,4.71,2938.0,8726,11.04,16.32,dia,,,,,,
324,100.0,13799.0,861.0,309.0,158.0,67,14.0,9.0,282.0,24626.0,1475.0,32136.0,1473.0,262.0,468.0,54.0,611.0,5.36,51,3.0,5.88,0.02,60.0,2734,1.64,1.88,3.82,19.0,0.11,4.87,2259.0,8624,9.13,16.13,dia,,,,,,
325,73.0,223.0,223.0,7.0,3.0,64,7.0,3.0,5.0,710.0,710.0,608.0,608.0,218.0,695.0,73.0,596.0,4.9,64,2.94,6.86,,89.0,4511,3.92,7.5,6.86,7.0,,1.96,3720.0,8698,14.7,21.55,dia,,,,,,
326,89.0,5468.0,714.0,80.0,67.0,73,11.0,13.0,99.0,8627.0,933.0,5229.0,986.0,302.0,477.0,63.0,289.0,5.47,58,3.7,4.42,0.06,111.0,3414,2.82,2.11,7.18,33.0,,5.58,2877.0,7670,11.77,15.86,dia,,,,,,
327,72.0,5783.0,677.0,138.0,66.0,67,16.0,7.0,133.0,9677.0,1486.0,9699.0,1380.0,295.0,493.0,61.0,494.0,6.78,55,3.36,7.04,0.15,54.0,3371,2.75,2.19,4.59,13.0,0.25,5.76,2932.0,8251,12.64,16.21,dia,,,,,,
328,47.0,306.0,306.0,11.0,7.0,44,11.0,7.0,4.0,645.0,645.0,394.0,394.0,288.0,608.0,57.0,371.0,3.77,44,6.6,10.37,,51.0,2062,0.94,3.67,5.66,7.0,,2.83,2062.0,6607,10.37,21.68,dia,,,,,,
329,73.0,12864.0,900.0,196.0,104.0,73,12.0,8.0,155.0,14454.0,906.0,11032.0,777.0,428.0,481.0,58.0,367.0,5.16,55,3.46,6.53,0.13,78.0,3667,2.76,1.39,4.53,30.0,0.23,7.72,3120.0,8341,10.72,13.72,dia,,,,,,
330,77.0,17709.0,703.0,684.0,398.0,80,15.0,17.0,540.0,61108.0,1542.0,54980.0,1388.0,162.0,560.0,60.0,504.0,4.95,54,3.65,6.27,0.01,69.0,3589,1.7,1.81,4.34,22.0,0.18,5.43,2860.0,9383,9.81,15.78,dia,,,,,,
331,69.0,206.0,206.0,2.0,,82,2.0,,,,,71.0,71.0,639.0,,69.0,219.0,,82,3.1,6.2,,17.0,1820,,0.33,,,,9.3,1495.0,9477,3.1,,dia,,1.0,1.0,,,
332,63.0,717.0,449.0,7.0,7.0,54,4.0,4.0,9.0,1077.0,627.0,1425.0,998.0,467.0,701.0,60.0,927.0,5.86,54,4.55,4.55,,163.0,2950,0.65,1.5,4.55,25.0,,5.21,1880.0,10508,7.81,16.27,dia,,,,,,
333,62.0,222.0,222.0,4.0,,74,4.0,,2.0,330.0,330.0,288.0,288.0,693.0,1032.0,62.0,901.0,6.25,74,3.13,12.51,,78.0,9625,,1.5,3.13,59.0,,6.25,7310.0,14311,9.38,9.38,dia,,1.0,1.0,,,
334,74.0,4834.0,999.0,59.0,29.0,74,12.0,12.0,43.0,4359.0,1344.0,3999.0,831.0,484.0,437.0,63.0,401.0,4.31,58,2.91,5.91,0.2,42.0,3130,2.2,1.34,3.41,10.0,0.2,5.91,1966.0,9611,7.92,13.13,dia,,,,,,
335,56.0,1177.0,397.0,14.0,8.0,48,5.0,4.0,13.0,1282.0,480.0,1420.0,924.0,458.0,499.0,52.0,552.0,5.06,46,3.11,5.44,,60.0,3861,1.94,1.77,3.11,52.0,0.78,5.06,3546.0,8094,8.95,14.78,dia,,,,,,
336,100.0,10509.0,1088.0,182.0,89.0,74,15.0,11.0,165.0,12058.0,1374.0,10442.0,1063.0,404.0,464.0,51.0,401.0,6.34,51,3.42,7.0,0.12,57.0,4026,2.54,1.75,4.81,27.0,0.19,6.46,3159.0,8299,11.3,14.99,dia,,,,,,
337,83.0,11894.0,712.0,262.0,131.0,70,15.0,9.0,189.0,17252.0,828.0,27640.0,1862.0,290.0,421.0,65.0,675.0,4.61,52,3.2,6.4,0.05,75.0,2270,1.27,1.46,3.78,32.0,0.07,5.66,1830.0,10005,8.28,15.75,dia,,,,,,
338,67.0,2701.0,751.0,42.0,24.0,71,14.0,7.0,45.0,4687.0,1862.0,5108.0,2370.0,372.0,645.0,58.0,703.0,6.19,60,3.3,5.78,0.14,103.0,2811,2.2,1.38,4.95,43.0,0.14,6.88,2416.0,10016,9.49,15.4,dia,,,,,,
339,73.0,1364.0,700.0,27.0,14.0,71,6.0,4.0,31.0,2504.0,530.0,2040.0,592.0,261.0,479.0,62.0,390.0,5.93,58,2.68,5.16,0.38,52.0,3297,2.49,1.77,2.87,19.0,,5.93,2696.0,9610,10.52,15.49,dia,,,,,,
340,76.0,10821.0,822.0,158.0,73.0,67,14.0,6.0,175.0,11184.0,963.0,12256.0,1254.0,426.0,440.0,59.0,482.0,6.89,52,2.87,6.22,0.2,56.0,4673,4.72,2.96,5.86,28.0,0.51,4.84,4104.0,8796,14.33,14.44,dia,,,,,,
341,49.0,39.0,39.0,7.0,2.0,54,7.0,2.0,6.0,392.0,392.0,378.0,378.0,47.8,481.0,49.0,464.0,7.37,54,2.46,8.6,,77.0,3624,1.23,0.88,1.23,7.0,,9.83,2744.0,10294,8.6,15.97,dia,,,,,,
342,61.0,931.0,474.0,18.0,7.0,52,7.0,4.0,11.0,1712.0,767.0,1581.0,1075.0,366.0,673.0,57.0,621.0,4.32,46,2.75,7.08,,20.0,4308,2.36,1.39,2.75,16.0,0.39,7.08,4253.0,6845,9.83,12.97,dia,,,,,,
343,78.0,2437.0,518.0,67.0,30.0,67,13.0,6.0,38.0,4131.0,505.0,3212.0,564.0,247.0,418.0,67.0,325.0,3.85,57,3.04,6.78,,89.0,2276,1.92,1.39,3.75,19.0,0.1,5.77,1747.0,10037,8.0,16.71,dia,,,,,,
344,100.0,1077.0,532.0,16.0,9.0,58,8.0,9.0,16.0,1047.0,695.0,1069.0,565.0,437.0,425.0,62.0,434.0,6.49,51,3.65,6.49,0.81,81.0,4222,4.06,4.0,8.52,18.0,0.81,4.06,3603.0,9049,16.23,19.47,dia,,,,,,
345,91.0,6894.0,989.0,136.0,52.0,73,13.0,8.0,128.0,10059.0,1109.0,12071.0,1255.0,341.0,498.0,71.0,597.0,6.34,54,2.57,6.73,0.1,50.0,3493,1.93,1.97,3.66,22.0,0.15,5.05,2771.0,10219,9.95,17.42,dia,,,,,,
346,100.0,3310.0,587.0,61.0,32.0,65,17.0,8.0,60.0,4207.0,1132.0,4758.0,1128.0,337.0,429.0,55.0,485.0,6.12,44,3.26,6.22,0.1,70.0,4353,2.75,1.89,5.61,20.0,0.31,6.22,3264.0,8735,11.72,13.96,dia,,,,,,
347,79.0,10902.0,1373.0,136.0,94.0,80,9.0,11.0,150.0,13344.0,1611.0,9408.0,1398.0,414.0,507.0,55.0,357.0,5.7,52,3.57,5.16,0.11,76.0,4066,1.9,1.59,4.41,19.0,0.42,6.27,2714.0,8308,9.99,15.76,dia,,,,,,
348,67.0,22512.0,831.0,456.0,255.0,55,17.0,9.0,397.0,35795.0,1475.0,34835.0,1159.0,317.0,504.0,51.0,490.0,5.59,42,3.59,6.42,0.11,81.0,2686,1.59,1.66,4.83,26.0,0.04,5.83,2214.0,8521,9.67,16.47,dia,,,,,,
349,68.0,,,3.0,,56,3.0,,,9.0,9.0,118.0,118.0,,30.19,68.0,402.0,3.4,56,3.4,10.2,,9.0,3999,10.2,,6.8,9.0,,,3999.0,11095,13.6,13.6,dia,1.0,1.0,1.0,,,
350,100.0,3419.0,507.0,46.0,27.0,83,7.0,6.0,40.0,4153.0,676.0,2917.0,556.0,363.0,441.0,63.0,310.0,4.25,54,2.87,4.89,,38.0,3472,1.81,1.31,3.29,11.0,0.43,6.48,2784.0,8534,8.5,14.13,dia,,,,,,
351,67.0,1282.0,440.0,20.0,15.0,68,5.0,6.0,28.0,3068.0,1255.0,1655.0,548.0,281.0,672.0,56.0,362.0,6.13,58,3.29,4.38,,107.0,2711,1.75,1.19,5.26,104.0,,7.88,2300.0,8570,9.42,15.55,dia,,,,,,
352,75.0,6398.0,616.0,189.0,84.0,67,15.0,14.0,182.0,12899.0,1575.0,11061.0,1204.0,248.0,499.0,63.0,428.0,7.04,55,3.25,7.31,0.08,63.0,4377,3.68,2.3,5.77,17.0,0.58,5.73,4032.0,8873,13.2,15.28,dia,,,,,,
353,75.0,2204.0,374.0,85.0,43.0,66,14.0,12.0,79.0,4632.0,930.0,6362.0,1193.0,186.0,391.0,66.0,537.0,6.67,59,3.63,7.18,0.25,52.0,3383,2.2,2.09,6.08,16.0,0.17,5.91,2938.0,9659,12.33,17.82,dia,,,,,,
354,84.0,22683.0,936.0,594.0,316.0,76,18.0,12.0,420.0,52198.0,1432.0,48457.0,1668.0,245.0,565.0,67.0,524.0,4.54,56,3.42,6.43,0.03,47.0,3365,2.36,2.48,3.37,10.0,0.36,3.9,2910.0,10329,9.67,16.07,dia,,,,,,
355,60.0,2201.0,646.0,56.0,19.0,61,14.0,5.0,49.0,3607.0,711.0,3656.0,1230.0,255.0,418.0,52.0,424.0,5.68,46,2.2,6.49,0.12,89.0,3518,2.2,1.93,3.6,17.0,,5.22,2734.0,9205,10.09,14.5,dia,,,,,,
356,71.0,3376.0,687.0,51.0,27.0,56,13.0,5.0,44.0,3954.0,939.0,5516.0,1121.0,370.0,433.0,61.0,604.0,4.82,49,2.96,5.58,0.11,60.0,2774,2.63,1.6,4.27,25.0,0.33,5.8,2501.0,9177,9.31,15.44,dia,,,,,,
357,65.0,1715.0,488.0,59.0,20.0,75,17.0,6.0,29.0,3416.0,1233.0,2761.0,754.0,259.0,515.0,52.0,416.0,4.37,50,3.02,8.9,0.15,119.0,4138,3.32,1.58,6.34,57.0,0.91,6.49,3470.0,7695,10.26,14.78,dia,,,,,,
358,77.0,1791.0,530.0,42.0,42.0,80,11.0,11.0,53.0,6996.0,1945.0,3600.0,806.0,216.0,845.0,65.0,435.0,6.4,55,5.07,5.07,0.12,56.0,3079,2.41,3.33,4.83,34.0,0.24,3.62,2571.0,10635,12.07,17.27,dia,,,,,,
359,69.0,4651.0,579.0,75.0,56.0,100,10.0,8.0,79.0,7428.0,853.0,4622.0,678.0,327.0,523.0,61.0,325.0,5.56,56,3.94,5.28,0.14,86.0,3893,2.53,1.48,5.14,22.0,0.07,7.46,3148.0,7292,11.05,15.06,dia,,,,,,
360,80.0,4872.0,777.0,68.0,72.0,68,11.0,15.0,110.0,10234.0,1634.0,4604.0,992.0,313.0,657.0,67.0,296.0,7.06,57,4.62,4.36,0.06,55.0,3008,2.38,2.45,5.52,18.0,0.13,5.33,2392.0,9447,13.03,17.84,dia,,,,,,
361,63.0,831.0,474.0,29.0,15.0,53,12.0,6.0,24.0,1302.0,410.0,1148.0,504.0,222.0,348.0,61.0,307.0,6.42,47,4.01,7.75,0.27,56.0,4421,3.48,2.04,3.74,21.0,,6.68,4205.0,6598,13.63,13.9,dia,,,,,,
362,71.0,2415.0,698.0,29.0,29.0,54,9.0,9.0,34.0,4313.0,1069.0,2739.0,929.0,378.0,676.0,60.0,429.0,5.33,48,4.54,4.54,,88.0,3145,1.72,2.14,3.92,13.0,0.16,4.54,2779.0,9362,9.71,15.51,dia,,,,,,
363,70.0,1360.0,550.0,24.0,6.0,56,9.0,3.0,16.0,,,2018.0,913.0,398.0,,69.0,590.0,4.68,54,1.75,7.02,,44.0,3868,1.75,1.37,3.8,,0.29,7.9,2409.0,9121,10.82,,dia,,,,,,
364,59.0,1.0,1.0,6.0,4.0,41,6.0,4.0,5.0,632.0,632.0,191.0,191.0,1.27,802.0,59.0,243.0,6.34,41,5.07,7.61,,13.0,3383,,2.33,3.81,6.0,,3.81,2588.0,8662,8.88,20.3,dia,,,,,,
365,67.0,1972.0,761.0,36.0,20.0,56,11.0,6.0,42.0,,,2349.0,787.0,419.0,,60.0,499.0,8.93,52,4.25,7.65,0.85,39.0,5587,4.68,2.56,4.47,,0.85,6.8,4289.0,8731,17.43,,dia,,,,,,
366,68.0,2266.0,806.0,27.0,24.0,68,10.0,8.0,28.0,3934.0,1155.0,3194.0,966.0,333.0,578.0,57.0,469.0,4.11,57,3.53,3.97,,89.0,3090,1.18,1.17,4.11,13.0,,6.9,2296.0,8021,8.08,16.16,dia,,,,,,
367,71.0,758.0,294.0,15.0,8.0,68,6.0,5.0,14.0,1478.0,584.0,615.0,288.0,293.0,572.0,65.0,238.0,5.41,55,3.09,5.8,0.39,31.0,4464,2.32,1.25,0.39,18.0,0.39,7.74,3140.0,7001,9.67,10.83,dia,,,,,,
368,68.0,935.0,300.0,21.0,8.0,62,9.0,3.0,27.0,1874.0,630.0,1141.0,521.0,237.0,474.0,61.0,289.0,6.83,58,2.02,5.31,,92.0,3422,3.54,2.5,7.34,35.0,,5.06,2749.0,8628,12.65,15.44,dia,,,,,,
369,73.0,3691.0,715.0,52.0,31.0,100,11.0,7.0,65.0,4049.0,777.0,4745.0,1186.0,363.0,398.0,60.0,467.0,6.39,47,3.05,5.12,,82.0,3223,1.77,1.64,3.84,25.0,0.39,5.41,2315.0,8747,8.85,16.63,dia,,,,,,
370,52.0,584.0,584.0,10.0,3.0,47,10.0,3.0,6.0,365.0,365.0,345.0,345.0,445.0,278.0,52.0,263.0,4.57,47,2.28,7.61,,69.0,2280,5.33,2.0,4.57,8.0,,7.61,2267.0,6753,15.23,13.71,dia,,,,,,
371,100.0,15726.0,959.0,228.0,153.0,67,20.0,13.0,241.0,19080.0,1425.0,21697.0,2028.0,406.0,493.0,56.0,561.0,6.23,48,3.95,5.89,0.26,73.0,2941,2.61,1.75,4.42,28.0,0.16,6.15,2480.0,8860,10.75,16.41,dia,,,,,,
372,73.0,5847.0,1359.0,116.0,106.0,80,20.0,15.0,80.0,13571.0,1550.0,10057.0,1293.0,279.0,647.0,66.0,480.0,3.82,64,5.06,5.53,0.1,60.0,3851,1.72,1.79,4.29,23.0,0.05,5.06,3075.0,10732,9.06,15.98,dia,,,,,,
373,67.0,965.0,359.0,10.0,6.0,63,5.0,4.0,11.0,,,867.0,433.0,683.0,,67.0,613.0,7.78,57,4.25,7.08,,52.0,3809,1.42,1.4,3.54,,,7.08,2552.0,10493,9.91,,dia,,,,,,
374,69.0,5170.0,716.0,89.0,45.0,82,9.0,12.0,91.0,8136.0,1306.0,6833.0,897.0,366.0,576.0,57.0,484.0,6.45,53,3.19,6.31,0.43,52.0,3911,2.27,2.01,5.38,18.0,0.28,5.53,3254.0,8677,11.12,14.74,dia,,,,,,
375,65.0,1284.0,549.0,34.0,14.0,59,13.0,6.0,20.0,2442.0,986.0,2145.0,951.0,329.0,625.0,61.0,549.0,5.12,56,3.58,8.7,,100.0,4798,3.07,2.2,5.89,14.0,0.51,5.12,3859.0,9854,11.26,16.64,dia,,,,,,
376,73.0,1673.0,366.0,53.0,23.0,76,18.0,8.0,39.0,4044.0,992.0,2034.0,619.0,211.0,510.0,55.0,257.0,4.92,49,2.9,6.69,,64.0,3785,1.64,1.58,4.42,14.0,0.13,5.68,2876.0,6416,8.96,13.12,dia,,,,,,
377,72.0,1614.0,1029.0,11.0,4.0,70,6.0,3.0,6.0,1161.0,444.0,2293.0,894.0,519.0,373.0,66.0,737.0,1.93,59,1.29,3.54,,51.0,2816,2.57,1.05,2.57,21.0,,7.07,1902.0,10607,7.4,12.86,dia,,,,,,
378,67.0,3458.0,489.0,102.0,47.0,69,12.0,6.0,73.0,7715.0,769.0,5938.0,674.0,248.0,553.0,61.0,426.0,5.23,58,3.37,7.31,0.07,48.0,3727,3.08,2.02,4.09,19.0,0.29,5.95,3273.0,8541,12.04,15.77,dia,,,,,,
379,100.0,2282.0,542.0,17.0,15.0,50,8.0,7.0,17.0,1614.0,827.0,1720.0,582.0,572.0,404.0,48.0,431.0,4.26,47,3.76,4.26,,65.0,3064,1.75,1.32,3.76,20.0,0.25,6.26,2470.0,8119,8.27,13.28,mas,,,,,,
380,74.0,1913.0,843.0,29.0,14.0,65,9.0,6.0,14.0,,,1659.0,578.0,456.0,,69.0,396.0,3.34,57,3.34,6.92,,15.0,3630,1.19,1.24,1.91,,,5.97,2650.0,9993,7.4,,mas,,,,,,
381,77.0,5388.0,1104.0,81.0,48.0,69,10.0,11.0,79.0,7689.0,1159.0,7428.0,1463.0,426.0,608.0,62.0,588.0,6.25,60,3.8,6.41,0.08,55.0,4447,2.22,1.73,4.27,16.0,0.08,6.41,3442.0,10022,11.08,17.17,mas,,,,,,
382,70.0,8471.0,826.0,182.0,98.0,91,17.0,9.0,152.0,13893.0,1138.0,12687.0,1402.0,327.0,536.0,61.0,489.0,5.86,50,3.78,7.02,0.27,67.0,4280,3.59,2.92,4.9,23.0,0.62,4.36,3368.0,9659,12.73,17.04,mas,,,,,,
383,76.0,5307.0,662.0,96.0,67.0,77,10.0,6.0,107.0,9347.0,698.0,6833.0,1005.0,278.0,490.0,58.0,359.0,5.61,52,3.52,5.04,0.05,39.0,3109,1.94,2.12,4.04,15.0,0.16,5.14,2760.0,8813,10.91,17.05,mas,,,,,,
384,70.0,486.0,309.0,10.0,,60,6.0,,10.0,349.0,274.0,337.0,258.0,379.0,273.0,69.0,263.0,7.81,54,0.78,7.81,0.78,48.0,3224,2.34,1.8,4.68,23.0,,7.81,2431.0,8035,14.05,13.27,mas,,1.0,1.0,,,
385,73.0,4503.0,502.0,83.0,95.0,68,10.0,13.0,88.0,12186.0,1107.0,6963.0,759.0,245.0,663.0,64.0,379.0,4.79,56,5.17,4.52,0.16,92.0,2959,2.12,1.6,4.41,28.0,0.16,6.48,2365.0,10259,10.34,18.23,mas,,,,,,
386,77.0,10140.0,934.0,114.0,86.0,100,11.0,11.0,112.0,12546.0,1536.0,9170.0,857.0,382.0,472.0,62.0,345.0,4.22,61,3.24,4.29,0.11,48.0,3030,1.69,1.44,2.97,8.0,,5.76,2346.0,8700,8.32,14.8,mas,,,,,,
387,84.0,414.0,229.0,2.0,3.0,62,2.0,2.0,4.0,446.0,298.0,493.0,286.0,436.0,470.0,77.0,520.0,4.22,57,3.17,2.11,,176.0,1522,2.11,1.17,3.17,43.0,,6.33,1155.0,11504,7.39,17.94,mas,,,,,,
388,76.0,8422.0,1176.0,106.0,76.0,89,13.0,12.0,78.0,,,12377.0,1417.0,479.0,,66.0,703.0,4.43,58,4.32,6.02,,56.0,3495,1.65,2.01,3.41,,0.06,4.83,2359.0,9932,9.72,,mas,,,,,,
389,66.0,847.0,528.0,13.0,5.0,70,9.0,3.0,7.0,1150.0,673.0,697.0,570.0,448.0,608.0,66.0,369.0,3.7,69,2.64,6.88,1.06,85.0,4778,3.17,1.82,4.23,10.0,,5.82,3845.0,8367,10.58,12.69,mas,,,,,,
390,72.0,2148.0,444.0,30.0,12.0,57,7.0,4.0,34.0,,,4460.0,1140.0,353.0,,59.0,733.0,5.59,50,1.97,4.93,,75.0,3370,2.14,1.19,2.79,,0.16,7.73,2167.0,8957,9.21,,mas,,,,,,
391,80.0,3139.0,785.0,55.0,23.0,66,12.0,8.0,35.0,,,4638.0,1135.0,436.0,,67.0,644.0,4.86,61,3.19,7.63,0.14,25.0,3324,1.8,1.6,2.64,,0.14,5.55,2362.0,12414,8.88,,mas,,,,,,
392,71.0,17854.0,897.0,292.0,185.0,75,12.0,11.0,276.0,26556.0,1100.0,30593.0,1597.0,313.0,465.0,62.0,536.0,4.84,57,3.24,5.12,0.04,52.0,3641,2.35,1.71,3.49,14.0,0.23,5.62,2912.0,9661,9.6,14.8,mas,,,,,,
393,71.0,8923.0,823.0,99.0,60.0,67,10.0,8.0,101.0,10390.0,1214.0,7586.0,749.0,430.0,501.0,58.0,366.0,4.87,58,2.89,4.77,0.1,51.0,3310,1.88,1.55,3.33,12.0,0.24,5.4,2652.0,9336,8.39,12.54,mas,,,,,,
394,79.0,11659.0,772.0,180.0,116.0,91,15.0,11.0,172.0,17726.0,1522.0,15984.0,1203.0,302.0,458.0,66.0,413.0,4.45,57,3.0,4.66,0.1,70.0,3186,1.89,1.44,3.52,13.0,0.18,6.31,2690.0,9454,9.08,13.84,mas,,,,,,
395,77.0,1968.0,302.0,54.0,37.0,60,11.0,7.0,52.0,5077.0,1026.0,5948.0,1316.0,188.0,485.0,66.0,568.0,4.97,53,3.54,5.16,,54.0,2614,1.53,1.62,3.63,10.0,0.1,5.07,2395.0,10718,8.22,14.91,mas,,,,,,
396,70.0,398.0,398.0,2.0,3.0,58,2.0,3.0,,,,466.0,466.0,685.0,,70.0,800.0,1.72,58,5.16,3.44,,44.0,2473,,1.5,1.72,,,6.88,959.0,11013,10.31,,mas,1.0,,,,,
397,61.0,3375.0,693.0,29.0,23.0,52,6.0,8.0,42.0,3840.0,1175.0,2976.0,625.0,411.0,468.0,51.0,363.0,5.12,47,2.8,3.53,0.12,87.0,3738,2.44,1.14,3.41,35.0,0.12,7.19,3153.0,7491,8.16,10.36,mas,,,,,,
398,63.0,972.0,386.0,14.0,4.0,72,5.0,4.0,17.0,1070.0,607.0,850.0,260.0,447.0,492.0,55.0,391.0,7.82,67,1.84,6.44,,49.0,4198,3.68,1.47,5.06,23.0,,7.82,3120.0,7627,11.5,14.26,mas,,,,,,
399,60.0,633.0,333.0,9.0,5.0,61,6.0,4.0,8.0,667.0,416.0,548.0,265.0,349.0,368.0,55.0,302.0,4.41,59,2.76,4.96,,41.0,3158,3.31,1.55,4.96,5.0,1.1,6.06,2587.0,10322,9.37,13.78,mas,,,,,,
400,69.0,11866.0,1140.0,188.0,100.0,72,18.0,8.0,181.0,17392.0,996.0,15849.0,1153.0,328.0,481.0,59.0,439.0,5.01,58,2.77,5.2,0.03,57.0,3221,2.85,1.61,3.9,16.0,0.33,6.31,2822.0,9536,10.16,13.7,mas,,,,,,
401,71.0,6310.0,789.0,154.0,83.0,65,18.0,8.0,138.0,11852.0,1642.0,14587.0,1391.0,293.0,550.0,60.0,677.0,6.41,53,3.85,7.15,0.09,76.0,3630,3.2,2.38,6.68,27.0,0.32,5.43,3206.0,10093,12.95,17.36,mas,,,,,,
402,58.0,167.0,167.0,4.0,6.0,53,4.0,6.0,6.0,531.0,531.0,145.0,145.0,227.0,721.0,58.0,196.0,8.15,53,8.15,5.43,,61.0,4133,5.43,2.0,5.43,2.0,,6.79,4031.0,6147,13.58,20.37,mas,,,,,,
403,59.0,1292.0,818.0,17.0,11.0,51,16.0,11.0,18.0,1787.0,1662.0,1424.0,1323.0,585.0,810.0,59.0,645.0,8.15,50,4.98,7.7,,56.0,4885,3.17,3.33,4.98,11.0,,4.08,3884.0,10382,13.59,19.03,mas,,,,,,
404,100.0,1289.0,525.0,28.0,16.0,57,14.0,10.0,17.0,4014.0,2150.0,2277.0,1504.0,270.0,842.0,61.0,477.0,3.56,49,3.35,5.87,,70.0,2228,2.31,1.83,4.61,20.0,,5.03,1830.0,9337,9.23,16.77,mas,,,,,,
405,66.0,100.0,100.0,4.0,8.0,52,4.0,8.0,6.0,890.0,890.0,588.0,588.0,97.43,867.0,66.0,573.0,5.85,52,7.79,3.9,,68.0,2630,0.97,1.33,4.87,68.0,,5.85,2630.0,8389,7.79,22.41,mas,,,,,,
406,65.0,1530.0,446.0,25.0,9.0,63,7.0,3.0,25.0,,,2562.0,820.0,381.0,,55.0,637.0,6.22,54,2.24,6.22,,58.0,4279,2.74,2.17,4.23,,,5.97,2659.0,7971,12.94,,mas,,,,,,
407,69.0,448.0,448.0,6.0,5.0,44,6.0,5.0,10.0,739.0,739.0,920.0,920.0,351.0,580.0,69.0,722.0,7.85,44,3.92,4.71,,95.0,2627,1.57,5.67,6.28,2.0,0.78,2.35,2431.0,11463,13.34,25.11,mas,,,,,,
408,79.0,1151.0,785.0,16.0,9.0,64,7.0,4.0,14.0,,,1703.0,678.0,373.0,,64.0,552.0,4.54,52,2.92,5.19,,51.0,3881,2.27,1.12,2.92,,,8.43,2864.0,8941,9.41,,mas,,,,,,
409,76.0,5729.0,692.0,67.0,55.0,75,9.0,7.0,66.0,6917.0,716.0,7056.0,1301.0,351.0,423.0,69.0,432.0,4.04,60,3.37,4.1,0.12,54.0,2744,2.75,1.53,2.94,21.0,0.24,5.75,2133.0,10206,8.81,15.12,mas,,,,,,
410,71.0,6471.0,1150.0,90.0,72.0,73,10.0,9.0,91.0,9648.0,1011.0,9685.0,1417.0,380.0,567.0,62.0,569.0,5.35,54,4.23,5.29,0.06,68.0,2971,2.47,2.0,4.41,25.0,0.18,4.99,2658.0,9979,9.99,16.98,mas,,,,,,
411,70.0,3721.0,1109.0,39.0,29.0,65,10.0,8.0,40.0,4088.0,830.0,3518.0,586.0,437.0,480.0,63.0,413.0,4.69,61,3.4,4.58,0.35,89.0,3238,3.17,1.73,5.16,23.0,0.35,5.63,2892.0,9955,9.74,15.95,mas,,,,,,
412,80.0,1182.0,645.0,32.0,10.0,50,15.0,7.0,26.0,2352.0,1377.0,1826.0,1314.0,310.0,617.0,58.0,479.0,6.82,48,2.62,8.39,0.52,96.0,3326,2.1,2.59,5.51,9.0,,4.46,3295.0,8465,11.54,16.26,mas,,,,,,
413,88.0,5829.0,875.0,120.0,46.0,67,18.0,7.0,114.0,9249.0,1467.0,10016.0,1605.0,288.0,457.0,59.0,495.0,5.63,52,2.27,5.93,0.15,73.0,3910,2.47,1.86,3.56,14.0,0.3,5.63,3393.0,8790,10.48,14.38,mas,,,,,,
414,80.0,1289.0,512.0,11.0,8.0,70,5.0,4.0,14.0,1065.0,436.0,670.0,205.0,479.0,396.0,63.0,249.0,5.21,52,2.98,4.09,,59.0,3463,1.49,2.08,2.98,12.0,,4.84,3346.0,9449,10.04,13.39,mas,,,,,,
415,65.0,816.0,558.0,8.0,10.0,60,5.0,7.0,14.0,1801.0,1345.0,2691.0,1523.0,289.0,638.0,61.0,954.0,4.96,56,3.54,2.84,,55.0,3050,1.06,1.53,3.54,8.0,,5.32,2965.0,14690,8.15,14.53,mas,,,,,,
416,71.0,371.0,364.0,5.0,5.0,56,4.0,3.0,4.0,605.0,398.0,577.0,336.0,267.0,436.0,64.0,416.0,2.88,50,3.6,3.6,,27.0,2757,,0.73,1.44,27.0,,7.92,1819.0,6709,5.76,12.97,mas,,,,,,
417,87.0,9809.0,674.0,161.0,83.0,73,12.0,10.0,129.0,12192.0,1316.0,12344.0,913.0,387.0,481.0,63.0,487.0,5.09,52,3.27,6.35,,108.0,2677,1.74,1.47,4.14,24.0,0.12,6.08,2120.0,8951,8.96,15.82,mas,,,,,,
418,81.0,15928.0,915.0,224.0,158.0,80,15.0,8.0,268.0,23669.0,1231.0,19170.0,1371.0,327.0,485.0,67.0,393.0,5.5,62,3.24,4.59,0.1,62.0,3345,2.36,1.97,4.43,21.0,0.16,5.29,2906.0,10197,10.44,15.42,mas,,,,,,
419,100.0,424.0,343.0,5.0,3.0,57,3.0,2.0,7.0,420.0,327.0,404.0,286.0,327.0,324.0,63.0,312.0,5.4,48,2.32,3.86,,78.0,4398,0.77,1.38,2.32,6.0,,6.18,2650.0,8062,8.49,13.12,mas,,,,,,
420,73.0,1432.0,606.0,36.0,23.0,62,12.0,8.0,29.0,3929.0,1108.0,4121.0,1257.0,225.0,619.0,66.0,649.0,4.57,53,3.62,5.67,,32.0,3031,1.89,1.57,3.94,6.0,0.63,5.83,2663.0,10390,9.13,16.53,mas,,,,,,
421,100.0,14069.0,1054.0,153.0,88.0,68,9.0,8.0,146.0,16096.0,1208.0,15428.0,1615.0,425.0,486.0,59.0,466.0,4.41,52,2.66,4.62,,62.0,3021,1.78,1.6,3.66,20.0,0.03,5.35,2436.0,9662,8.55,14.57,mas,,,,,,
422,63.0,200.0,200.0,10.0,,65,10.0,,4.0,92.0,92.0,100.0,100.0,155.0,71.03,63.0,77.31,3.1,65,0.77,7.75,,69.0,4976,3.1,0.82,2.32,12.0,,8.52,4976.0,5060,6.97,8.52,mas,,1.0,1.0,,,
423,100.0,12896.0,742.0,249.0,168.0,64,11.0,9.0,246.0,23030.0,1083.0,12480.0,862.0,269.0,481.0,56.0,260.0,5.13,50,3.51,5.2,0.21,58.0,3099,2.04,1.42,3.9,24.0,0.25,6.59,2448.0,7440,9.39,14.31,mas,,,,,,
424,72.0,737.0,383.0,5.0,5.0,59,3.0,3.0,8.0,1099.0,576.0,1004.0,516.0,421.0,627.0,70.0,573.0,4.57,57,2.85,2.85,,56.0,2918,0.57,0.77,2.28,8.0,,7.42,2501.0,10502,5.71,10.85,mas,,,,,,
425,67.0,1301.0,533.0,21.0,11.0,64,8.0,9.0,19.0,1232.0,899.0,770.0,220.0,441.0,417.0,60.0,261.0,6.44,59,3.73,7.12,,125.0,3023,2.03,1.3,4.4,66.0,,7.79,2767.0,7512,10.16,14.91,mas,,,,,,
426,69.0,3389.0,594.0,48.0,33.0,76,6.0,5.0,64.0,5245.0,720.0,4271.0,696.0,318.0,493.0,63.0,401.0,6.01,58,3.1,4.51,,23.0,3547,2.35,2.25,4.51,7.0,0.38,4.89,3114.0,9174,11.0,14.38,mas,,,,,,
427,69.0,3224.0,1065.0,63.0,26.0,63,27.0,6.0,44.0,3685.0,868.0,4000.0,1782.0,432.0,494.0,63.0,536.0,5.9,54,3.48,8.44,,49.0,4928,2.95,2.44,4.15,19.0,0.27,5.49,3996.0,9355,13.4,18.63,mas,,,,,,
428,54.0,1192.0,494.0,19.0,12.0,63,8.0,8.0,13.0,1908.0,849.0,678.0,242.0,392.0,628.0,53.0,223.0,4.28,47,3.95,6.26,,33.0,4257,2.31,1.48,3.95,25.0,,7.57,3148.0,6926,11.2,13.5,mas,,,,,,
429,68.0,4394.0,876.0,69.0,51.0,80,10.0,9.0,61.0,7101.0,976.0,4856.0,861.0,301.0,486.0,59.0,332.0,4.17,53,3.49,4.72,0.14,76.0,3371,2.6,1.63,4.1,25.0,0.14,6.22,2693.0,7465,10.12,14.09,mas,,,,,,
430,55.0,526.0,284.0,9.0,,60,7.0,,8.0,736.0,394.0,335.0,207.0,291.0,408.0,56.0,185.0,4.43,50,0.55,4.99,,16.0,3995,1.11,0.86,2.77,3.0,,7.76,2825.0,7560,6.65,12.75,mas,,1.0,1.0,,,
431,67.0,4463.0,704.0,70.0,75.0,57,15.0,11.0,69.0,,,7795.0,1563.0,309.0,,58.0,540.0,4.78,52,5.2,4.85,0.21,45.0,3072,1.46,1.76,4.85,,0.07,5.75,1622.0,9815,10.12,,mas,,,,,,
432,67.0,1636.0,461.0,27.0,6.0,67,9.0,3.0,23.0,2063.0,977.0,1953.0,589.0,410.0,517.0,54.0,489.0,5.76,54,1.5,6.76,,16.0,4754,4.51,2.28,4.76,15.0,0.5,6.26,3891.0,8304,14.28,13.28,mas,,,,,,
433,63.0,1128.0,576.0,14.0,3.0,61,9.0,3.0,11.0,1356.0,647.0,639.0,424.0,333.0,400.0,60.0,189.0,3.25,55,0.89,4.14,0.3,38.0,3069,2.07,,1.18,2.0,0.3,6.79,2113.0,10270,6.79,10.34,mas,,,,,,1.0
434,66.0,4661.0,713.0,106.0,48.0,74,13.0,6.0,105.0,8513.0,992.0,6333.0,1078.0,285.0,520.0,57.0,387.0,6.41,53,2.93,6.47,0.06,101.0,3550,2.56,1.99,4.58,23.0,0.31,5.43,2782.0,9766,10.81,14.47,mas,,,,,,
435,71.0,669.0,292.0,16.0,5.0,56,9.0,3.0,27.0,1356.0,623.0,547.0,424.0,229.0,464.0,64.0,187.0,9.25,51,1.71,5.48,,55.0,5203,4.11,4.18,5.48,8.0,0.68,3.77,4388.0,8629,15.75,14.72,mas,,,,,,
436,68.0,9248.0,690.0,211.0,103.0,74,16.0,9.0,137.0,17824.0,1511.0,14495.0,1096.0,287.0,554.0,59.0,451.0,4.26,57,3.2,6.56,0.09,46.0,3117,2.08,1.82,3.54,15.0,0.12,5.1,2673.0,9663,9.29,14.33,mas,,,,,,
437,70.0,3825.0,809.0,48.0,42.0,63,9.0,8.0,61.0,6424.0,1222.0,3853.0,1076.0,387.0,650.0,61.0,390.0,6.17,51,4.25,4.85,0.2,63.0,3164,2.83,1.87,4.45,28.0,0.2,6.07,2707.0,8979,11.33,14.87,mas,,,,,,
438,43.0,,,,,47,,,,156.0,156.0,30.0,30.0,,604.0,43.0,116.0,3.87,47,3.87,,,64.0,2770,3.87,,3.87,,,,2770.0,8946,7.74,3.87,mas,1.0,1.0,1.0,,,
439,67.0,720.0,491.0,6.0,7.0,61,4.0,4.0,6.0,,,629.0,488.0,410.0,,65.0,358.0,3.42,59,3.98,3.42,,11.0,3835,2.28,2.25,5.69,,,4.55,1947.0,10234,10.25,,mas,,,,,,
440,93.0,2623.0,771.0,24.0,11.0,72,9.0,4.0,,,,,,595.0,,82.0,,,68,2.49,5.44,0.45,100.0,2383,0.91,1.3,4.76,,0.23,8.39,,8300,10.88,,gm,,,,,,
441,100.0,2570.0,444.0,37.0,11.0,63,8.0,4.0,39.0,3320.0,896.0,3131.0,620.0,346.0,447.0,59.0,421.0,5.25,56,1.48,4.98,,56.0,3402,2.42,1.53,3.5,11.0,0.4,6.59,3052.0,9607,10.09,13.05,gm,,,,,,
442,100.0,6465.0,690.0,129.0,50.0,75,15.0,9.0,115.0,8483.0,1081.0,8508.0,1110.0,342.0,448.0,64.0,450.0,6.08,58,2.64,6.82,0.05,62.0,3157,2.33,1.28,3.91,15.0,0.16,7.3,2851.0,9274,9.36,13.59,gm,,,,,,
443,100.0,20496.0,1164.0,221.0,172.0,68,15.0,15.0,184.0,,,21255.0,1484.0,449.0,,66.0,466.0,4.03,55,3.77,4.84,0.18,59.0,3665,1.8,1.69,3.55,,0.07,5.52,2407.0,9878,9.31,,gm,,,,,,
444,66.0,895.0,476.0,11.0,11.0,67,7.0,6.0,12.0,,,,,305.0,,65.0,,4.08,63,3.74,3.74,,39.0,2246,1.36,1.44,3.06,,,5.44,1523.0,7941,7.83,,gm,,,,,,
445,78.0,7889.0,780.0,119.0,92.0,74,11.0,8.0,130.0,15131.0,1341.0,11815.0,994.0,266.0,509.0,69.0,398.0,4.38,60,3.1,4.01,0.1,54.0,2814,2.05,2.09,3.64,14.0,0.17,4.48,2622.0,10120,9.36,14.51,gm,,,,,,
446,100.0,15634.0,1043.0,201.0,144.0,86,11.0,10.0,199.0,20884.0,1097.0,13177.0,1098.0,410.0,547.0,60.0,345.0,5.22,60,3.77,5.27,0.18,44.0,3534,2.8,1.53,2.62,16.0,0.39,6.68,2950.0,9469,10.25,14.76,gm,,,,,,
447,100.0,4162.0,509.0,84.0,43.0,120,9.0,5.0,73.0,6833.0,793.0,5668.0,1026.0,281.0,462.0,60.0,383.0,4.93,52,2.91,5.68,,70.0,2804,1.55,1.87,3.99,21.0,,5.2,2378.0,8457,9.73,15.47,gm,,,,,,
448,76.0,52195.0,1025.0,548.0,505.0,100,12.0,14.0,551.0,69369.0,1809.0,47517.0,1320.0,413.0,549.0,66.0,376.0,4.36,62,3.99,4.33,0.11,65.0,3525,2.0,1.59,3.63,21.0,0.09,5.73,2690.0,9562,9.13,14.95,gm,,,,,,
449,82.0,2555.0,324.0,28.0,30.0,73,7.0,11.0,28.0,,,3592.0,837.0,316.0,,67.0,445.0,3.47,62,3.72,3.47,0.12,49.0,4819,1.73,2.14,3.96,,,4.33,2301.0,9127,9.29,,gm,,,,,,
450,83.0,3062.0,773.0,34.0,17.0,67,8.0,4.0,35.0,,,3101.0,1043.0,494.0,,68.0,500.0,5.64,63,2.74,5.48,0.48,64.0,3915,2.26,1.68,3.87,,0.32,6.61,2834.0,10632,11.13,,gm,,,,,,
451,85.0,9870.0,981.0,105.0,56.0,76,12.0,6.0,103.0,,,11528.0,1354.0,478.0,,70.0,558.0,4.99,65,2.71,5.09,0.15,64.0,5322,1.65,1.98,4.7,,0.15,5.72,2995.0,9373,11.33,,gm,,,,,,
452,84.0,6929.0,1389.0,73.0,55.0,68,10.0,10.0,64.0,,,5957.0,764.0,523.0,,71.0,449.0,4.83,60,4.15,5.51,,39.0,4375,1.96,2.26,2.87,,0.23,4.6,2818.0,9575,10.41,,gm,,,,,,
453,68.0,1382.0,588.0,24.0,13.0,71,11.0,8.0,16.0,,,1690.0,607.0,345.0,,54.0,422.0,3.99,57,3.24,5.99,0.25,73.0,3714,2.25,1.92,3.74,,0.5,6.24,2666.0,9311,11.98,,gm,,,,,,
454,78.0,35534.0,1079.0,404.0,390.0,87,13.0,14.0,506.0,55237.0,1612.0,44180.0,1376.0,331.0,514.0,67.0,411.0,4.71,61,3.63,3.76,0.15,69.0,2896,2.68,1.78,3.75,18.0,0.21,5.55,2334.0,9202,9.85,15.03,gm,,,,,,
455,73.0,3905.0,1237.0,40.0,26.0,68,13.0,6.0,46.0,,,3577.0,1045.0,492.0,,62.0,450.0,5.79,51,3.27,5.04,,64.0,5656,1.89,2.17,5.67,,0.25,5.29,3001.0,8824,11.46,,gm,,,,,,
456,68.0,261.0,261.0,2.0,4.0,50,2.0,4.0,5.0,871.0,871.0,233.0,233.0,256.0,853.0,68.0,229.0,4.9,50,3.92,1.96,,25.0,3573,1.96,2.75,6.86,25.0,0.98,3.92,2223.0,9854,10.77,16.65,gm,,,,,,
457,53.0,146.0,96.0,5.0,3.0,51,4.0,2.0,12.0,937.0,517.0,198.0,192.0,108.0,695.0,50.0,147.0,8.9,48,2.22,3.71,,19.0,5159,2.97,2.13,3.71,19.0,,5.93,5084.0,7773,12.6,12.6,gm,,,,,,
458,75.0,1780.0,907.0,45.0,13.0,75,15.0,6.0,27.0,3680.0,1710.0,3142.0,1284.0,434.0,898.0,64.0,767.0,6.59,61,3.17,10.98,,47.0,5118,2.2,2.55,5.37,30.0,0.24,4.88,4214.0,12836,12.45,18.31,gm,,,,,,
459,73.0,15313.0,868.0,178.0,126.0,78,10.0,9.0,177.0,17455.0,1224.0,11235.0,967.0,434.0,495.0,62.0,318.0,5.02,55,3.57,5.04,0.11,64.0,3363,3.23,1.8,3.12,16.0,0.28,5.64,2733.0,8100,10.17,14.59,gm,,,,,,
460,58.0,267.0,267.0,2.0,,47,2.0,,2.0,216.0,216.0,54.0,54.0,382.0,309.0,58.0,76.96,2.86,47,,2.86,,181.0,1490,,1.67,2.86,5.0,,4.29,1483.0,6680,7.15,15.73,gm,,,,,,
461,100.0,47637.0,1273.0,741.0,472.0,71,16.0,18.0,633.0,75186.0,1708.0,86923.0,2606.0,361.0,569.0,61.0,658.0,4.79,54,3.57,5.61,0.05,63.0,2405,1.79,1.58,3.98,17.0,0.11,5.88,2053.0,10619,9.32,16.0,gm,,,,,,
462,77.0,300.0,200.0,5.0,3.0,72,3.0,3.0,3.0,,,665.0,505.0,301.0,,74.0,667.0,3.01,68,3.01,5.02,,15.0,4126,1.0,1.29,3.01,,,7.03,2505.0,13105,9.04,,gm,,,,,,
463,81.0,8886.0,660.0,126.0,94.0,73,11.0,10.0,143.0,13500.0,1115.0,8350.0,685.0,318.0,484.0,60.0,299.0,5.12,54,3.37,4.51,,68.0,3215,2.22,1.69,3.87,25.0,0.18,6.05,2665.0,8474,10.21,15.44,gm,,,,,,
464,65.0,3063.0,644.0,47.0,14.0,55,8.0,3.0,26.0,3821.0,958.0,4031.0,616.0,334.0,417.0,60.0,440.0,2.84,48,1.53,5.13,,61.0,2945,1.42,1.19,1.96,31.0,0.11,5.68,2403.0,9253,6.77,10.26,gm,,,,,,
465,59.0,135.0,135.0,5.0,,47,5.0,,4.0,286.0,286.0,145.0,145.0,203.0,430.0,59.0,219.0,6.01,47,1.5,7.52,,80.0,3080,1.5,1.2,1.5,1.0,,7.52,2037.0,8296,9.02,13.53,gm,,1.0,1.0,,,
466,76.0,1672.0,409.0,20.0,19.0,76,5.0,6.0,20.0,2611.0,870.0,2034.0,695.0,430.0,671.0,65.0,523.0,5.14,60,4.88,5.14,0.51,51.0,3275,2.31,1.38,4.37,29.0,0.26,6.68,2477.0,10641,9.25,14.65,gm,,,,,,
467,100.0,9425.0,658.0,98.0,92.0,80,11.0,7.0,129.0,13129.0,1161.0,12454.0,845.0,321.0,447.0,67.0,424.0,4.39,59,3.13,3.34,0.1,40.0,2723,1.77,1.47,2.52,11.0,0.2,5.65,2028.0,9226,8.31,15.52,gm,,,,,,
468,100.0,1361.0,365.0,19.0,11.0,100,6.0,4.0,24.0,3033.0,910.0,2200.0,672.0,254.0,566.0,60.0,410.0,4.48,59,2.05,3.54,0.19,71.0,3598,2.05,1.14,2.98,14.0,0.37,6.9,2345.0,8664,7.83,14.17,gm,,,,,,
469,79.0,8675.0,1147.0,95.0,90.0,88,8.0,9.0,72.0,11777.0,1006.0,7524.0,771.0,405.0,550.0,65.0,352.0,3.37,54,4.21,4.44,0.09,47.0,3038,1.92,1.24,2.52,13.0,0.14,6.08,2291.0,9549,7.53,14.12,gm,,,,,,
470,100.0,21112.0,1051.0,253.0,220.0,90,12.0,12.0,274.0,31833.0,1184.0,19161.0,836.0,359.0,541.0,61.0,326.0,4.65,56,3.74,4.3,0.12,51.0,3806,2.84,2.16,3.35,13.0,0.2,4.88,2972.0,8869,10.52,14.1,gm,,,,,,
471,89.0,1941.0,917.0,18.0,11.0,56,6.0,5.0,17.0,1384.0,831.0,995.0,560.0,499.0,356.0,62.0,256.0,4.37,46,2.83,4.62,,46.0,2744,1.28,1.22,3.34,8.0,,6.94,2261.0,8175,8.48,15.42,gm,,,,,,
472,65.0,22246.0,1070.0,306.0,269.0,67,13.0,13.0,290.0,,,37248.0,1416.0,332.0,,53.0,555.0,4.32,44,4.01,4.56,0.01,48.0,3619,1.74,1.78,3.5,,0.1,5.17,2417.0,9586,9.2,,gm,,,,,,
473,60.0,4245.0,543.0,111.0,54.0,55,11.0,12.0,87.0,9403.0,1173.0,7796.0,907.0,210.0,466.0,51.0,386.0,4.31,48,2.67,5.5,,54.0,2733,1.54,1.25,3.17,10.0,0.05,6.54,2204.0,8157,8.17,14.26,gm,,,,,,
474,72.0,7247.0,549.0,139.0,66.0,79,13.0,12.0,122.0,10981.0,1168.0,9717.0,847.0,304.0,461.0,59.0,408.0,5.12,53,2.77,5.83,0.08,43.0,3405,1.72,2.12,3.36,12.0,0.08,4.2,2582.0,8767,8.9,14.27,gm,,,,,,
475,49.0,1160.0,762.0,10.0,2.0,61,7.0,,7.0,,,602.0,565.0,653.0,,49.0,339.0,3.94,56,1.13,5.63,,14.0,2805,,0.86,1.69,,,7.88,2175.0,8279,6.75,,gm,,,1.0,,,
476,72.0,3437.0,636.0,57.0,30.0,67,10.0,8.0,44.0,5257.0,1048.0,5502.0,921.0,328.0,502.0,56.0,526.0,4.21,54,2.87,5.45,0.29,129.0,3302,3.25,1.95,4.97,44.0,0.1,5.54,2756.0,9694,10.8,14.05,gm,,,,,,
477,66.0,651.0,651.0,2.0,14.0,56,2.0,14.0,6.0,,,640.0,640.0,456.0,,66.0,448.0,4.2,56,9.8,1.4,,68.0,2682,3.5,2.0,5.6,,,5.6,1704.0,9427,11.2,,gm,,,,,,
478,70.0,12758.0,819.0,229.0,154.0,70,14.0,12.0,311.0,24218.0,1241.0,19180.0,1177.0,263.0,499.0,53.0,395.0,6.4,48,3.17,4.71,0.12,55.0,3931,2.84,2.07,4.67,23.0,0.37,5.54,3171.0,8386,11.47,15.01,gm,,,,,,
479,91.0,3976.0,635.0,43.0,36.0,67,8.0,8.0,58.0,4978.0,850.0,3666.0,592.0,383.0,479.0,64.0,353.0,5.58,52,3.46,4.14,0.19,89.0,2691,2.89,1.62,4.91,47.0,0.1,6.64,2271.0,9285,10.78,15.49,gm,,,,,,
480,79.0,1695.0,655.0,12.0,12.0,63,4.0,3.0,18.0,1946.0,597.0,996.0,261.0,642.0,737.0,60.0,377.0,6.81,56,4.54,4.54,0.38,65.0,3759,4.54,1.95,4.54,9.0,0.76,7.19,3466.0,9667,14.01,17.79,gm,,,,,,
481,77.0,290.0,236.0,7.0,5.0,93,3.0,4.0,9.0,972.0,708.0,781.0,466.0,214.0,718.0,67.0,576.0,6.64,69,3.69,5.16,,23.0,4412,1.48,2.43,1.48,0.0,0.74,5.16,2807.0,9057,12.54,21.4,gm,,,,,,
482,70.0,5312.0,1078.0,57.0,49.0,73,13.0,10.0,55.0,5142.0,774.0,4451.0,883.0,490.0,475.0,66.0,411.0,5.08,56,4.52,5.26,0.28,67.0,3859,2.77,2.21,3.42,7.0,0.18,4.8,2975.0,8834,10.61,16.43,gm,,,,,,
483,73.0,19471.0,935.0,303.0,225.0,75,11.0,12.0,306.0,30393.0,1353.0,27257.0,1117.0,281.0,438.0,61.0,393.0,4.41,57,3.24,4.37,0.09,53.0,2694,1.87,1.4,3.03,10.0,0.2,5.91,2113.0,9090,8.24,14.44,gm,,,,,,
484,56.0,32.0,32.0,6.0,,59,3.0,,3.0,108.0,59.0,408.0,291.0,39.78,133.0,55.0,502.0,3.69,56,1.23,7.39,,128.0,3291,2.46,0.86,4.93,16.0,,8.62,3217.0,7387,7.39,7.39,gm,,1.0,1.0,,,
485,65.0,4691.0,1050.0,42.0,47.0,73,12.0,11.0,32.0,4692.0,786.0,3283.0,500.0,473.0,473.0,58.0,331.0,3.23,58,4.74,4.24,0.3,50.0,2839,2.82,1.31,2.72,16.0,0.4,6.76,2364.0,8699,8.88,13.82,gm,,,,,,
486,78.0,14103.0,845.0,133.0,89.0,88,9.0,5.0,122.0,13436.0,804.0,12923.0,1535.0,425.0,405.0,63.0,390.0,3.68,58,2.68,4.01,0.03,81.0,2750,2.02,1.66,4.82,28.0,0.09,5.58,2340.0,8476,9.29,14.77,gm,,,,,,
